/*
 Navicat Premium Data Transfer

 Source Server         : 本地
 Source Server Type    : MySQL
 Source Server Version : 50717
 Source Host           : localhost:3306
 Source Schema         : node-points

 Target Server Type    : MySQL
 Target Server Version : 50717
 File Encoding         : 65001

 Date: 14/06/2018 15:09:55
*/

SET NAMES utf8mb4;
SET FOREIGN_KEY_CHECKS = 0;

-- ----------------------------
-- Table structure for ar_internal_metadata
-- ----------------------------
DROP TABLE IF EXISTS `ar_internal_metadata`;
CREATE TABLE `ar_internal_metadata` (
  `key` varchar(255) NOT NULL,
  `value` varchar(255) DEFAULT NULL,
  `created_at` datetime NOT NULL,
  `updated_at` datetime NOT NULL,
  PRIMARY KEY (`key`)
) ENGINE=InnoDB DEFAULT CHARSET=utf8;

-- ----------------------------
-- Table structure for course_sign_failures
-- ----------------------------
DROP TABLE IF EXISTS `course_sign_failures`;
CREATE TABLE `course_sign_failures` (
  `id` bigint(20) NOT NULL AUTO_INCREMENT,
  `course_id` bigint(20) DEFAULT NULL,
  `student_id` bigint(20) DEFAULT NULL,
  `message` text,
  `created_at` datetime NOT NULL,
  `updated_at` datetime NOT NULL,
  PRIMARY KEY (`id`),
  KEY `index_course_sign_failures_on_course_id` (`course_id`),
  KEY `index_course_sign_failures_on_student_id` (`student_id`)
) ENGINE=InnoDB DEFAULT CHARSET=utf8;

-- ----------------------------
-- Table structure for course_signs
-- ----------------------------
DROP TABLE IF EXISTS `course_signs`;
CREATE TABLE `course_signs` (
  `id` bigint(20) NOT NULL AUTO_INCREMENT,
  `course_id` bigint(20) DEFAULT NULL,
  `student_id` bigint(20) DEFAULT NULL,
  `received_nodes` varchar(255) DEFAULT NULL,
  `created_at` datetime NOT NULL,
  `updated_at` datetime NOT NULL,
  `is_sent` tinyint(1) DEFAULT '0',
  PRIMARY KEY (`id`),
  KEY `index_course_signs_on_course_id` (`course_id`),
  KEY `index_course_signs_on_student_id` (`student_id`)
) ENGINE=InnoDB AUTO_INCREMENT=651 DEFAULT CHARSET=utf8;

-- ----------------------------
-- Records of course_signs
-- ----------------------------
BEGIN;
INSERT INTO `course_signs` VALUES (8, 1, 135, '90', '2018-04-11 07:01:29', '2018-04-11 07:01:29', 1);
INSERT INTO `course_signs` VALUES (9, 1, 139, '90', '2018-04-11 07:34:08', '2018-04-11 07:34:08', 1);
INSERT INTO `course_signs` VALUES (11, 1, 138, '90', '2018-04-11 08:27:42', '2018-04-11 08:27:42', 1);
INSERT INTO `course_signs` VALUES (12, 1, 141, '90', '2018-04-11 08:45:37', '2018-04-11 08:45:37', 1);
INSERT INTO `course_signs` VALUES (13, 1, 140, '90', '2018-04-11 09:32:58', '2018-04-11 09:32:58', 1);
INSERT INTO `course_signs` VALUES (14, 1, 1, '400', '2018-04-12 10:34:44', '2018-04-12 10:34:44', 1);
INSERT INTO `course_signs` VALUES (15, 1, 2, '400', '2018-04-13 05:13:29', '2018-04-13 05:13:29', 1);
INSERT INTO `course_signs` VALUES (17, 2, 135, '350', '2018-04-14 01:53:40', '2018-04-14 01:53:40', 1);
INSERT INTO `course_signs` VALUES (18, 2, 98, '350', '2018-04-14 02:11:54', '2018-04-14 02:11:54', 1);
INSERT INTO `course_signs` VALUES (19, 2, 2, '350', '2018-04-14 02:30:54', '2018-04-14 02:30:54', 1);
INSERT INTO `course_signs` VALUES (20, 2, 138, '350', '2018-04-14 04:27:09', '2018-04-14 04:27:09', 1);
INSERT INTO `course_signs` VALUES (21, 2, 31, '350', '2018-04-14 04:30:37', '2018-04-14 04:30:37', 1);
INSERT INTO `course_signs` VALUES (22, 2, 95, '350', '2018-04-14 04:32:52', '2018-04-14 04:32:52', 1);
INSERT INTO `course_signs` VALUES (23, 2, 40, '350', '2018-04-14 04:35:49', '2018-04-14 04:35:49', 1);
INSERT INTO `course_signs` VALUES (24, 2, 282, '350', '2018-04-14 04:40:12', '2018-04-14 04:40:12', 1);
INSERT INTO `course_signs` VALUES (25, 2, 189, '350', '2018-04-14 04:41:36', '2018-04-14 04:41:36', 1);
INSERT INTO `course_signs` VALUES (26, 2, 167, '350', '2018-04-14 04:41:43', '2018-04-14 04:41:43', 1);
INSERT INTO `course_signs` VALUES (27, 2, 43, '350', '2018-04-14 04:41:44', '2018-04-14 04:41:44', 1);
INSERT INTO `course_signs` VALUES (28, 2, 131, '350', '2018-04-14 04:48:36', '2018-04-14 04:48:36', 1);
INSERT INTO `course_signs` VALUES (29, 2, 93, '350', '2018-04-14 04:49:38', '2018-04-14 04:49:38', 1);
INSERT INTO `course_signs` VALUES (30, 2, 52, '350', '2018-04-14 04:51:07', '2018-04-14 04:51:07', 1);
INSERT INTO `course_signs` VALUES (31, 2, 6, '350', '2018-04-14 04:52:14', '2018-04-14 04:52:14', 1);
INSERT INTO `course_signs` VALUES (32, 2, 200, '350', '2018-04-14 04:52:54', '2018-04-14 04:52:54', 1);
INSERT INTO `course_signs` VALUES (33, 2, 153, '350', '2018-04-14 04:54:02', '2018-04-14 04:54:02', 1);
INSERT INTO `course_signs` VALUES (34, 2, 183, '350', '2018-04-14 04:57:01', '2018-04-14 04:57:01', 1);
INSERT INTO `course_signs` VALUES (35, 2, 59, '350', '2018-04-14 05:00:20', '2018-04-14 05:00:20', 1);
INSERT INTO `course_signs` VALUES (36, 2, 76, '350', '2018-04-14 05:00:32', '2018-04-14 05:00:32', 1);
INSERT INTO `course_signs` VALUES (37, 2, 96, '350', '2018-04-14 05:01:26', '2018-04-14 05:01:26', 1);
INSERT INTO `course_signs` VALUES (38, 2, 210, '350', '2018-04-14 05:02:00', '2018-04-14 05:02:00', 1);
INSERT INTO `course_signs` VALUES (39, 2, 101, '350', '2018-04-14 05:04:45', '2018-04-14 05:04:45', 1);
INSERT INTO `course_signs` VALUES (40, 2, 81, '350', '2018-04-14 05:05:16', '2018-04-14 05:05:16', 1);
INSERT INTO `course_signs` VALUES (41, 2, 125, '350', '2018-04-14 05:09:48', '2018-04-14 05:09:48', 1);
INSERT INTO `course_signs` VALUES (42, 2, 139, '350', '2018-04-14 05:10:49', '2018-04-14 05:10:49', 1);
INSERT INTO `course_signs` VALUES (43, 2, 132, '350', '2018-04-14 05:12:30', '2018-04-14 05:12:30', 1);
INSERT INTO `course_signs` VALUES (44, 2, 173, '350', '2018-04-14 05:15:18', '2018-04-14 05:15:18', 1);
INSERT INTO `course_signs` VALUES (45, 2, 7, '350', '2018-04-14 05:15:47', '2018-04-14 05:15:47', 1);
INSERT INTO `course_signs` VALUES (46, 2, 71, '350', '2018-04-14 05:15:52', '2018-04-14 05:15:52', 1);
INSERT INTO `course_signs` VALUES (47, 2, 168, '350', '2018-04-14 05:18:12', '2018-04-14 05:18:12', 1);
INSERT INTO `course_signs` VALUES (48, 2, 87, '350', '2018-04-14 05:18:58', '2018-04-14 05:18:58', 1);
INSERT INTO `course_signs` VALUES (49, 2, 165, '350', '2018-04-14 05:19:56', '2018-04-14 05:19:56', 1);
INSERT INTO `course_signs` VALUES (50, 2, 102, '350', '2018-04-14 05:20:11', '2018-04-14 05:20:11', 1);
INSERT INTO `course_signs` VALUES (51, 2, 3, '350', '2018-04-14 05:20:19', '2018-04-14 05:20:19', 1);
INSERT INTO `course_signs` VALUES (52, 2, 13, '350', '2018-04-14 05:23:57', '2018-04-14 05:23:57', 1);
INSERT INTO `course_signs` VALUES (53, 2, 137, '350', '2018-04-14 05:24:44', '2018-04-14 05:24:44', 1);
INSERT INTO `course_signs` VALUES (54, 2, 194, '350', '2018-04-14 05:25:27', '2018-04-14 05:25:27', 1);
INSERT INTO `course_signs` VALUES (55, 2, 99, '350', '2018-04-14 05:25:27', '2018-04-14 05:25:27', 1);
INSERT INTO `course_signs` VALUES (56, 2, 192, '350', '2018-04-14 05:25:28', '2018-04-14 05:25:28', 1);
INSERT INTO `course_signs` VALUES (57, 2, 73, '350', '2018-04-14 05:25:41', '2018-04-14 05:25:41', 1);
INSERT INTO `course_signs` VALUES (58, 2, 37, '350', '2018-04-14 05:27:57', '2018-04-14 05:27:57', 1);
INSERT INTO `course_signs` VALUES (59, 2, 84, '350', '2018-04-14 05:28:37', '2018-04-14 05:28:37', 1);
INSERT INTO `course_signs` VALUES (60, 2, 83, '350', '2018-04-14 05:28:42', '2018-04-14 05:28:42', 1);
INSERT INTO `course_signs` VALUES (61, 2, 86, '350', '2018-04-14 05:29:33', '2018-04-14 05:29:33', 1);
INSERT INTO `course_signs` VALUES (62, 2, 163, '350', '2018-04-14 05:29:53', '2018-04-14 05:29:53', 1);
INSERT INTO `course_signs` VALUES (63, 2, 103, '350', '2018-04-14 05:29:55', '2018-04-14 05:29:55', 1);
INSERT INTO `course_signs` VALUES (64, 2, 106, '350', '2018-04-14 05:29:56', '2018-04-14 05:29:56', 1);
INSERT INTO `course_signs` VALUES (65, 2, 147, '350', '2018-04-14 05:30:13', '2018-04-14 05:30:13', 1);
INSERT INTO `course_signs` VALUES (66, 2, 203, '350', '2018-04-14 05:31:04', '2018-04-14 05:31:04', 1);
INSERT INTO `course_signs` VALUES (67, 2, 164, '350', '2018-04-14 05:31:38', '2018-04-14 05:31:38', 1);
INSERT INTO `course_signs` VALUES (68, 2, 195, '350', '2018-04-14 05:31:59', '2018-04-14 05:31:59', 1);
INSERT INTO `course_signs` VALUES (69, 2, 94, '350', '2018-04-14 05:32:26', '2018-04-14 05:32:26', 1);
INSERT INTO `course_signs` VALUES (70, 2, 148, '350', '2018-04-14 05:32:32', '2018-04-14 05:32:32', 1);
INSERT INTO `course_signs` VALUES (71, 2, 145, '350', '2018-04-14 05:32:52', '2018-04-14 05:32:52', 1);
INSERT INTO `course_signs` VALUES (72, 2, 88, '350', '2018-04-14 05:32:54', '2018-04-14 05:32:54', 1);
INSERT INTO `course_signs` VALUES (73, 2, 149, '350', '2018-04-14 05:32:55', '2018-04-14 05:32:55', 1);
INSERT INTO `course_signs` VALUES (74, 2, 24, '350', '2018-04-14 05:32:56', '2018-04-14 05:32:56', 1);
INSERT INTO `course_signs` VALUES (75, 2, 205, '350', '2018-04-14 05:33:04', '2018-04-14 05:33:04', 1);
INSERT INTO `course_signs` VALUES (76, 2, 47, '350', '2018-04-14 05:33:17', '2018-04-14 05:33:17', 1);
INSERT INTO `course_signs` VALUES (77, 2, 21, '350', '2018-04-14 05:34:13', '2018-04-14 05:34:13', 1);
INSERT INTO `course_signs` VALUES (78, 2, 50, '350', '2018-04-14 05:34:18', '2018-04-14 05:34:18', 1);
INSERT INTO `course_signs` VALUES (79, 2, 156, '350', '2018-04-14 05:35:01', '2018-04-14 05:35:01', 1);
INSERT INTO `course_signs` VALUES (80, 2, 199, '350', '2018-04-14 05:37:27', '2018-04-14 05:37:27', 1);
INSERT INTO `course_signs` VALUES (81, 2, 90, '350', '2018-04-14 05:37:32', '2018-04-14 05:37:32', 1);
INSERT INTO `course_signs` VALUES (82, 2, 202, '350', '2018-04-14 05:37:36', '2018-04-14 05:37:36', 1);
INSERT INTO `course_signs` VALUES (83, 2, 64, '350', '2018-04-14 05:37:41', '2018-04-14 05:37:41', 1);
INSERT INTO `course_signs` VALUES (84, 2, 100, '350', '2018-04-14 05:38:17', '2018-04-14 05:38:17', 1);
INSERT INTO `course_signs` VALUES (85, 2, 208, '350', '2018-04-14 05:38:20', '2018-04-14 05:38:20', 1);
INSERT INTO `course_signs` VALUES (86, 2, 159, '350', '2018-04-14 05:38:56', '2018-04-14 05:38:56', 1);
INSERT INTO `course_signs` VALUES (87, 2, 127, '350', '2018-04-14 05:39:04', '2018-04-14 05:39:04', 1);
INSERT INTO `course_signs` VALUES (88, 2, 69, '350', '2018-04-14 05:39:20', '2018-04-14 05:39:20', 1);
INSERT INTO `course_signs` VALUES (89, 2, 8, '350', '2018-04-14 05:39:26', '2018-04-14 05:39:26', 1);
INSERT INTO `course_signs` VALUES (90, 2, 60, '350', '2018-04-14 05:40:03', '2018-04-14 05:40:03', 1);
INSERT INTO `course_signs` VALUES (91, 2, 191, '350', '2018-04-14 05:40:17', '2018-04-14 05:40:17', 1);
INSERT INTO `course_signs` VALUES (92, 2, 155, '350', '2018-04-14 05:40:53', '2018-04-14 05:40:53', 1);
INSERT INTO `course_signs` VALUES (93, 2, 20, '350', '2018-04-14 05:41:51', '2018-04-14 05:41:51', 1);
INSERT INTO `course_signs` VALUES (94, 2, 91, '350', '2018-04-14 05:42:36', '2018-04-14 05:42:36', 1);
INSERT INTO `course_signs` VALUES (95, 2, 42, '350', '2018-04-14 05:42:49', '2018-04-14 05:42:49', 1);
INSERT INTO `course_signs` VALUES (96, 2, 41, '350', '2018-04-14 05:42:55', '2018-04-14 05:42:55', 1);
INSERT INTO `course_signs` VALUES (97, 2, 104, '350', '2018-04-14 05:42:59', '2018-04-14 05:42:59', 1);
INSERT INTO `course_signs` VALUES (98, 2, 118, '350', '2018-04-14 05:43:05', '2018-04-14 05:43:05', 1);
INSERT INTO `course_signs` VALUES (99, 2, 70, '350', '2018-04-14 05:43:29', '2018-04-14 05:43:29', 1);
INSERT INTO `course_signs` VALUES (100, 2, 112, '350', '2018-04-14 05:43:51', '2018-04-14 05:43:51', 1);
INSERT INTO `course_signs` VALUES (101, 2, 4, '350', '2018-04-14 05:44:25', '2018-04-14 05:44:25', 1);
INSERT INTO `course_signs` VALUES (102, 2, 184, '350', '2018-04-14 05:44:36', '2018-04-14 05:44:36', 1);
INSERT INTO `course_signs` VALUES (103, 2, 80, '350', '2018-04-14 05:45:23', '2018-04-14 05:45:23', 1);
INSERT INTO `course_signs` VALUES (104, 2, 89, '350', '2018-04-14 05:45:24', '2018-04-14 05:45:24', 1);
INSERT INTO `course_signs` VALUES (105, 2, 23, '350', '2018-04-14 05:45:26', '2018-04-14 05:45:26', 1);
INSERT INTO `course_signs` VALUES (106, 2, 19, '350', '2018-04-14 05:46:04', '2018-04-14 05:46:04', 1);
INSERT INTO `course_signs` VALUES (107, 2, 14, '350', '2018-04-14 05:46:04', '2018-04-14 05:46:04', 1);
INSERT INTO `course_signs` VALUES (108, 2, 197, '350', '2018-04-14 05:46:11', '2018-04-14 05:46:11', 1);
INSERT INTO `course_signs` VALUES (109, 2, 126, '350', '2018-04-14 05:46:23', '2018-04-14 05:46:23', 1);
INSERT INTO `course_signs` VALUES (110, 2, 190, '350', '2018-04-14 05:46:24', '2018-04-14 05:46:24', 1);
INSERT INTO `course_signs` VALUES (111, 2, 79, '350', '2018-04-14 05:47:33', '2018-04-14 05:47:33', 1);
INSERT INTO `course_signs` VALUES (112, 2, 196, '350', '2018-04-14 05:47:33', '2018-04-14 05:47:33', 1);
INSERT INTO `course_signs` VALUES (113, 2, 172, '350', '2018-04-14 05:47:33', '2018-04-14 05:47:33', 1);
INSERT INTO `course_signs` VALUES (114, 2, 74, '350', '2018-04-14 05:47:48', '2018-04-14 05:47:48', 1);
INSERT INTO `course_signs` VALUES (115, 2, 146, '350', '2018-04-14 05:48:03', '2018-04-14 05:48:03', 1);
INSERT INTO `course_signs` VALUES (116, 2, 175, '350', '2018-04-14 05:48:04', '2018-04-14 05:48:04', 1);
INSERT INTO `course_signs` VALUES (117, 2, 129, '350', '2018-04-14 05:48:09', '2018-04-14 05:48:09', 1);
INSERT INTO `course_signs` VALUES (118, 2, 22, '350', '2018-04-14 05:48:30', '2018-04-14 05:48:30', 1);
INSERT INTO `course_signs` VALUES (119, 2, 65, '350', '2018-04-14 05:48:33', '2018-04-14 05:48:33', 1);
INSERT INTO `course_signs` VALUES (120, 2, 66, '350', '2018-04-14 05:48:36', '2018-04-14 05:48:36', 1);
INSERT INTO `course_signs` VALUES (121, 2, 72, '350', '2018-04-14 05:48:43', '2018-04-14 05:48:43', 1);
INSERT INTO `course_signs` VALUES (122, 2, 11, '350', '2018-04-14 05:48:45', '2018-04-14 05:48:45', 1);
INSERT INTO `course_signs` VALUES (123, 2, 15, '350', '2018-04-14 05:49:18', '2018-04-14 05:49:18', 1);
INSERT INTO `course_signs` VALUES (124, 2, 201, '350', '2018-04-14 05:50:05', '2018-04-14 05:50:05', 1);
INSERT INTO `course_signs` VALUES (125, 2, 67, '350', '2018-04-14 05:50:10', '2018-04-14 05:50:10', 1);
INSERT INTO `course_signs` VALUES (126, 2, 281, '350', '2018-04-14 05:50:58', '2018-04-14 05:50:58', 1);
INSERT INTO `course_signs` VALUES (127, 2, 109, '350', '2018-04-14 05:51:04', '2018-04-14 05:51:04', 1);
INSERT INTO `course_signs` VALUES (128, 2, 124, '350', '2018-04-14 05:51:09', '2018-04-14 05:51:09', 1);
INSERT INTO `course_signs` VALUES (129, 2, 114, '350', '2018-04-14 05:51:18', '2018-04-14 05:51:18', 1);
INSERT INTO `course_signs` VALUES (130, 2, 26, '350', '2018-04-14 05:51:36', '2018-04-14 05:51:36', 1);
INSERT INTO `course_signs` VALUES (131, 2, 30, '350', '2018-04-14 05:51:39', '2018-04-14 05:51:39', 1);
INSERT INTO `course_signs` VALUES (132, 2, 12, '350', '2018-04-14 05:52:19', '2018-04-14 05:52:19', 1);
INSERT INTO `course_signs` VALUES (133, 2, 166, '350', '2018-04-14 05:52:48', '2018-04-14 05:52:48', 1);
INSERT INTO `course_signs` VALUES (134, 2, 38, '350', '2018-04-14 05:52:49', '2018-04-14 05:52:49', 1);
INSERT INTO `course_signs` VALUES (135, 2, 123, '350', '2018-04-14 05:53:21', '2018-04-14 05:53:21', 1);
INSERT INTO `course_signs` VALUES (136, 2, 185, '350', '2018-04-14 05:53:45', '2018-04-14 05:53:45', 1);
INSERT INTO `course_signs` VALUES (137, 2, 5, '350', '2018-04-14 06:00:12', '2018-04-14 06:00:12', 1);
INSERT INTO `course_signs` VALUES (138, 2, 188, '350', '2018-04-14 06:00:13', '2018-04-14 06:00:13', 1);
INSERT INTO `course_signs` VALUES (139, 2, 134, '350', '2018-04-14 06:00:45', '2018-04-14 06:00:45', 1);
INSERT INTO `course_signs` VALUES (140, 2, 144, '350', '2018-04-14 06:00:47', '2018-04-14 06:00:47', 1);
INSERT INTO `course_signs` VALUES (141, 2, 77, '350', '2018-04-14 06:02:11', '2018-04-14 06:02:11', 1);
INSERT INTO `course_signs` VALUES (142, 2, 55, '350', '2018-04-14 06:02:25', '2018-04-14 06:02:25', 1);
INSERT INTO `course_signs` VALUES (143, 2, 204, '350', '2018-04-14 06:03:17', '2018-04-14 06:03:17', 1);
INSERT INTO `course_signs` VALUES (144, 2, 33, '350', '2018-04-14 06:05:25', '2018-04-14 06:05:25', 1);
INSERT INTO `course_signs` VALUES (145, 2, 9, '350', '2018-04-17 02:10:13', '2018-04-17 02:10:13', 1);
INSERT INTO `course_signs` VALUES (146, 2, 25, '350', '2018-04-17 02:11:21', '2018-04-17 02:11:21', 1);
INSERT INTO `course_signs` VALUES (147, 2, 27, '350', '2018-04-17 02:11:21', '2018-04-17 02:11:21', 1);
INSERT INTO `course_signs` VALUES (148, 2, 56, '350', '2018-04-17 02:11:21', '2018-04-17 02:11:21', 1);
INSERT INTO `course_signs` VALUES (149, 2, 82, '350', '2018-04-17 02:11:21', '2018-04-17 02:11:21', 1);
INSERT INTO `course_signs` VALUES (150, 2, 136, '350', '2018-04-17 02:11:21', '2018-04-17 02:11:21', 1);
INSERT INTO `course_signs` VALUES (151, 2, 174, '350', '2018-04-17 02:11:21', '2018-04-17 02:11:21', 1);
INSERT INTO `course_signs` VALUES (152, 2, 211, '350', '2018-04-17 02:11:21', '2018-04-17 02:11:21', 1);
INSERT INTO `course_signs` VALUES (153, 2, 212, '350', '2018-04-17 02:16:55', '2018-04-17 02:16:55', 1);
INSERT INTO `course_signs` VALUES (154, 2, 286, '350', '2018-04-17 02:16:55', '2018-04-17 02:16:55', 1);
INSERT INTO `course_signs` VALUES (155, 2, 287, '350', '2018-04-17 02:47:46', '2018-04-17 02:47:46', 1);
INSERT INTO `course_signs` VALUES (156, 2, 288, '350', '2018-04-17 02:47:46', '2018-04-17 02:47:46', 1);
INSERT INTO `course_signs` VALUES (157, 2, 289, '350', '2018-04-17 02:47:46', '2018-04-17 02:47:46', 1);
INSERT INTO `course_signs` VALUES (158, 2, 290, '350', '2018-04-17 02:47:46', '2018-04-17 02:47:46', 1);
INSERT INTO `course_signs` VALUES (159, 2, 291, '350', '2018-04-17 02:47:46', '2018-04-17 02:47:46', 1);
INSERT INTO `course_signs` VALUES (160, 2, 292, '350', '2018-04-17 02:47:46', '2018-04-17 02:47:46', 1);
INSERT INTO `course_signs` VALUES (161, 2, 293, '350', '2018-04-17 02:47:46', '2018-04-17 02:47:46', 1);
INSERT INTO `course_signs` VALUES (162, 2, 294, '350', '2018-04-17 02:47:46', '2018-04-17 02:47:46', 1);
INSERT INTO `course_signs` VALUES (163, 2, 295, '350', '2018-04-17 02:47:46', '2018-04-17 02:47:46', 1);
INSERT INTO `course_signs` VALUES (164, 2, 296, '350', '2018-04-17 02:47:46', '2018-04-17 02:47:46', 1);
INSERT INTO `course_signs` VALUES (165, 2, 297, '350', '2018-04-17 02:47:46', '2018-04-17 02:47:46', 1);
INSERT INTO `course_signs` VALUES (166, 2, 298, '350', '2018-04-17 02:47:46', '2018-04-17 02:47:46', 1);
INSERT INTO `course_signs` VALUES (167, 2, 299, '350', '2018-04-17 02:47:46', '2018-04-17 02:47:46', 1);
INSERT INTO `course_signs` VALUES (168, 2, 300, '350', '2018-04-17 02:47:46', '2018-04-17 02:47:46', 1);
INSERT INTO `course_signs` VALUES (169, 2, 177, '350', '2018-04-17 02:53:00', '2018-04-17 02:53:00', 1);
INSERT INTO `course_signs` VALUES (170, 2, 301, '350', '2018-04-17 03:03:23', '2018-04-17 03:03:23', 1);
INSERT INTO `course_signs` VALUES (171, 2, 302, '350', '2018-04-17 03:03:23', '2018-04-17 03:03:23', 1);
INSERT INTO `course_signs` VALUES (172, 2, 303, '350', '2018-04-17 03:03:23', '2018-04-17 03:03:23', 1);
INSERT INTO `course_signs` VALUES (173, 2, 304, '350', '2018-04-17 03:03:23', '2018-04-17 03:03:23', 1);
INSERT INTO `course_signs` VALUES (174, 2, 305, '350', '2018-04-17 03:03:23', '2018-04-17 03:03:23', 1);
INSERT INTO `course_signs` VALUES (175, 2, 306, '350', '2018-04-17 03:03:23', '2018-04-17 03:03:23', 1);
INSERT INTO `course_signs` VALUES (176, 2, 307, '350', '2018-04-17 06:46:29', '2018-04-17 06:46:29', 1);
INSERT INTO `course_signs` VALUES (177, 2, 308, '350', '2018-04-17 06:46:29', '2018-04-17 06:46:29', 1);
INSERT INTO `course_signs` VALUES (178, 2, 171, '350', '2018-04-18 07:38:49', '2018-04-18 07:38:49', 1);
INSERT INTO `course_signs` VALUES (179, 2, 1, '350', '2018-04-19 08:17:05', '2018-04-19 08:17:05', 1);
INSERT INTO `course_signs` VALUES (180, 2, 170, '350', '2018-04-19 08:43:18', '2018-04-19 08:43:18', 1);
INSERT INTO `course_signs` VALUES (181, 3, 2, '350', '2018-04-21 01:55:35', '2018-04-21 01:55:35', 1);
INSERT INTO `course_signs` VALUES (182, 3, 282, '350', '2018-04-21 04:28:26', '2018-04-21 04:28:26', 1);
INSERT INTO `course_signs` VALUES (183, 3, 59, '350', '2018-04-21 05:04:55', '2018-04-21 05:04:55', 1);
INSERT INTO `course_signs` VALUES (184, 3, 185, '350', '2018-04-21 05:05:08', '2018-04-21 05:05:08', 1);
INSERT INTO `course_signs` VALUES (185, 3, 129, '350', '2018-04-21 05:06:19', '2018-04-21 05:06:19', 1);
INSERT INTO `course_signs` VALUES (186, 3, 189, '350', '2018-04-21 05:06:29', '2018-04-21 05:06:29', 1);
INSERT INTO `course_signs` VALUES (187, 3, 213, '350', '2018-04-21 05:06:50', '2018-04-21 05:06:50', 1);
INSERT INTO `course_signs` VALUES (188, 3, 102, '350', '2018-04-21 05:07:12', '2018-04-21 05:07:12', 1);
INSERT INTO `course_signs` VALUES (189, 3, 192, '350', '2018-04-21 05:07:31', '2018-04-21 05:07:31', 1);
INSERT INTO `course_signs` VALUES (190, 3, 175, '350', '2018-04-21 05:08:17', '2018-04-21 05:08:17', 1);
INSERT INTO `course_signs` VALUES (191, 3, 146, '350', '2018-04-21 05:08:23', '2018-04-21 05:08:23', 1);
INSERT INTO `course_signs` VALUES (192, 3, 306, '350', '2018-04-21 05:08:40', '2018-04-21 05:08:40', 1);
INSERT INTO `course_signs` VALUES (193, 3, 109, '350', '2018-04-21 05:10:48', '2018-04-21 05:10:48', 1);
INSERT INTO `course_signs` VALUES (194, 3, 131, '350', '2018-04-21 05:11:03', '2018-04-21 05:11:03', 1);
INSERT INTO `course_signs` VALUES (195, 3, 31, '350', '2018-04-21 05:11:27', '2018-04-21 05:11:27', 1);
INSERT INTO `course_signs` VALUES (196, 3, 36, '350', '2018-04-21 05:11:31', '2018-04-21 05:11:31', 1);
INSERT INTO `course_signs` VALUES (197, 3, 156, '350', '2018-04-21 05:11:35', '2018-04-21 05:11:35', 1);
INSERT INTO `course_signs` VALUES (198, 3, 95, '350', '2018-04-21 05:11:39', '2018-04-21 05:11:39', 1);
INSERT INTO `course_signs` VALUES (199, 3, 301, '350', '2018-04-21 05:11:47', '2018-04-21 05:11:47', 1);
INSERT INTO `course_signs` VALUES (200, 3, 6, '350', '2018-04-21 05:12:03', '2018-04-21 05:12:03', 1);
INSERT INTO `course_signs` VALUES (201, 3, 147, '350', '2018-04-21 05:12:28', '2018-04-21 05:12:28', 1);
INSERT INTO `course_signs` VALUES (202, 3, 137, '350', '2018-04-21 05:12:34', '2018-04-21 05:12:34', 1);
INSERT INTO `course_signs` VALUES (203, 3, 99, '350', '2018-04-21 05:13:08', '2018-04-21 05:13:08', 1);
INSERT INTO `course_signs` VALUES (204, 3, 73, '350', '2018-04-21 05:13:55', '2018-04-21 05:13:55', 1);
INSERT INTO `course_signs` VALUES (205, 3, 155, '350', '2018-04-21 05:14:01', '2018-04-21 05:14:01', 1);
INSERT INTO `course_signs` VALUES (206, 3, 171, '350', '2018-04-21 05:14:25', '2018-04-21 05:14:25', 1);
INSERT INTO `course_signs` VALUES (207, 3, 94, '350', '2018-04-21 05:17:22', '2018-04-21 05:17:22', 1);
INSERT INTO `course_signs` VALUES (208, 3, 183, '350', '2018-04-21 05:18:20', '2018-04-21 05:18:20', 1);
INSERT INTO `course_signs` VALUES (209, 3, 47, '350', '2018-04-21 05:18:24', '2018-04-21 05:18:24', 1);
INSERT INTO `course_signs` VALUES (210, 3, 167, '350', '2018-04-21 05:19:15', '2018-04-21 05:19:15', 1);
INSERT INTO `course_signs` VALUES (211, 3, 98, '350', '2018-04-21 05:19:28', '2018-04-21 05:19:28', 1);
INSERT INTO `course_signs` VALUES (212, 3, 81, '350', '2018-04-21 05:20:04', '2018-04-21 05:20:04', 1);
INSERT INTO `course_signs` VALUES (213, 3, 153, '350', '2018-04-21 05:20:36', '2018-04-21 05:20:36', 1);
INSERT INTO `course_signs` VALUES (214, 3, 64, '350', '2018-04-21 05:22:32', '2018-04-21 05:22:32', 1);
INSERT INTO `course_signs` VALUES (215, 3, 124, '350', '2018-04-21 05:23:32', '2018-04-21 05:23:32', 1);
INSERT INTO `course_signs` VALUES (216, 3, 3, '350', '2018-04-21 05:24:33', '2018-04-21 05:24:33', 1);
INSERT INTO `course_signs` VALUES (217, 3, 90, '350', '2018-04-21 05:26:26', '2018-04-21 05:26:26', 1);
INSERT INTO `course_signs` VALUES (218, 3, 71, '350', '2018-04-21 05:26:45', '2018-04-21 05:26:45', 1);
INSERT INTO `course_signs` VALUES (219, 3, 42, '350', '2018-04-21 05:30:20', '2018-04-21 05:30:20', 1);
INSERT INTO `course_signs` VALUES (220, 3, 41, '350', '2018-04-21 05:30:24', '2018-04-21 05:30:24', 1);
INSERT INTO `course_signs` VALUES (221, 3, 50, '350', '2018-04-21 05:31:14', '2018-04-21 05:31:14', 1);
INSERT INTO `course_signs` VALUES (222, 3, 57, '350', '2018-04-21 05:31:20', '2018-04-21 05:31:20', 1);
INSERT INTO `course_signs` VALUES (223, 3, 295, '350', '2018-04-21 05:31:22', '2018-04-21 05:31:22', 1);
INSERT INTO `course_signs` VALUES (224, 3, 86, '350', '2018-04-21 05:31:55', '2018-04-21 05:31:55', 1);
INSERT INTO `course_signs` VALUES (225, 3, 76, '350', '2018-04-21 05:32:11', '2018-04-21 05:32:11', 1);
INSERT INTO `course_signs` VALUES (226, 3, 79, '350', '2018-04-21 05:33:24', '2018-04-21 05:33:24', 1);
INSERT INTO `course_signs` VALUES (227, 3, 203, '350', '2018-04-21 05:34:30', '2018-04-21 05:34:30', 1);
INSERT INTO `course_signs` VALUES (228, 3, 88, '350', '2018-04-21 05:34:34', '2018-04-21 05:34:34', 1);
INSERT INTO `course_signs` VALUES (229, 3, 96, '350', '2018-04-21 05:34:34', '2018-04-21 05:34:34', 1);
INSERT INTO `course_signs` VALUES (230, 3, 149, '350', '2018-04-21 05:34:38', '2018-04-21 05:34:38', 1);
INSERT INTO `course_signs` VALUES (231, 3, 145, '350', '2018-04-21 05:34:44', '2018-04-21 05:34:44', 1);
INSERT INTO `course_signs` VALUES (232, 3, 20, '350', '2018-04-21 05:34:50', '2018-04-21 05:34:50', 1);
INSERT INTO `course_signs` VALUES (233, 3, 205, '350', '2018-04-21 05:34:52', '2018-04-21 05:34:52', 1);
INSERT INTO `course_signs` VALUES (234, 3, 181, '350', '2018-04-21 05:34:56', '2018-04-21 05:34:56', 1);
INSERT INTO `course_signs` VALUES (235, 3, 125, '350', '2018-04-21 05:35:36', '2018-04-21 05:35:36', 1);
INSERT INTO `course_signs` VALUES (236, 3, 33, '350', '2018-04-21 05:35:38', '2018-04-21 05:35:38', 1);
INSERT INTO `course_signs` VALUES (237, 3, 164, '350', '2018-04-21 05:35:51', '2018-04-21 05:35:51', 1);
INSERT INTO `course_signs` VALUES (238, 3, 112, '350', '2018-04-21 05:36:28', '2018-04-21 05:36:28', 1);
INSERT INTO `course_signs` VALUES (239, 3, 8, '350', '2018-04-21 05:36:30', '2018-04-21 05:36:30', 1);
INSERT INTO `course_signs` VALUES (240, 3, 11, '350', '2018-04-21 05:37:50', '2018-04-21 05:37:50', 1);
INSERT INTO `course_signs` VALUES (241, 3, 62, '350', '2018-04-21 05:37:53', '2018-04-21 05:37:53', 1);
INSERT INTO `course_signs` VALUES (242, 3, 89, '350', '2018-04-21 05:38:35', '2018-04-21 05:38:35', 1);
INSERT INTO `course_signs` VALUES (243, 3, 130, '350', '2018-04-21 05:38:37', '2018-04-21 05:38:37', 1);
INSERT INTO `course_signs` VALUES (244, 3, 23, '350', '2018-04-21 05:38:38', '2018-04-21 05:38:38', 1);
INSERT INTO `course_signs` VALUES (245, 3, 122, '350', '2018-04-21 05:38:44', '2018-04-21 05:38:44', 1);
INSERT INTO `course_signs` VALUES (246, 3, 208, '350', '2018-04-21 05:39:05', '2018-04-21 05:39:05', 1);
INSERT INTO `course_signs` VALUES (247, 3, 32, '350', '2018-04-21 05:39:10', '2018-04-21 05:39:10', 1);
INSERT INTO `course_signs` VALUES (248, 3, 158, '350', '2018-04-21 05:39:47', '2018-04-21 05:39:47', 1);
INSERT INTO `course_signs` VALUES (249, 3, 103, '350', '2018-04-21 05:40:29', '2018-04-21 05:40:29', 1);
INSERT INTO `course_signs` VALUES (250, 3, 106, '350', '2018-04-21 05:40:40', '2018-04-21 05:40:40', 1);
INSERT INTO `course_signs` VALUES (251, 3, 304, '350', '2018-04-21 05:40:40', '2018-04-21 05:40:40', 1);
INSERT INTO `course_signs` VALUES (252, 3, 19, '350', '2018-04-21 05:40:40', '2018-04-21 05:40:40', 1);
INSERT INTO `course_signs` VALUES (253, 3, 172, '350', '2018-04-21 05:40:41', '2018-04-21 05:40:41', 1);
INSERT INTO `course_signs` VALUES (254, 3, 101, '350', '2018-04-21 05:41:24', '2018-04-21 05:41:24', 1);
INSERT INTO `course_signs` VALUES (255, 3, 87, '350', '2018-04-21 05:43:06', '2018-04-21 05:43:06', 1);
INSERT INTO `course_signs` VALUES (256, 3, 283, '350', '2018-04-21 05:43:36', '2018-04-21 05:43:36', 1);
INSERT INTO `course_signs` VALUES (257, 3, 284, '350', '2018-04-21 05:44:23', '2018-04-21 05:44:23', 1);
INSERT INTO `course_signs` VALUES (258, 3, 69, '350', '2018-04-21 05:45:16', '2018-04-21 05:45:16', 1);
INSERT INTO `course_signs` VALUES (259, 3, 114, '350', '2018-04-21 05:45:20', '2018-04-21 05:45:20', 1);
INSERT INTO `course_signs` VALUES (260, 3, 74, '350', '2018-04-21 05:45:25', '2018-04-21 05:45:25', 1);
INSERT INTO `course_signs` VALUES (261, 3, 303, '350', '2018-04-21 05:45:30', '2018-04-21 05:45:30', 1);
INSERT INTO `course_signs` VALUES (262, 3, 308, '350', '2018-04-21 05:45:51', '2018-04-21 05:45:51', 1);
INSERT INTO `course_signs` VALUES (263, 3, 286, '350', '2018-04-21 05:46:40', '2018-04-21 05:46:40', 1);
INSERT INTO `course_signs` VALUES (264, 3, 159, '350', '2018-04-21 05:46:56', '2018-04-21 05:46:56', 1);
INSERT INTO `course_signs` VALUES (265, 3, 197, '350', '2018-04-21 05:46:58', '2018-04-21 05:46:58', 1);
INSERT INTO `course_signs` VALUES (266, 3, 117, '350', '2018-04-21 05:46:59', '2018-04-21 05:46:59', 1);
INSERT INTO `course_signs` VALUES (267, 3, 77, '350', '2018-04-21 05:47:09', '2018-04-21 05:47:09', 1);
INSERT INTO `course_signs` VALUES (268, 3, 55, '350', '2018-04-21 05:47:26', '2018-04-21 05:47:26', 1);
INSERT INTO `course_signs` VALUES (269, 3, 80, '350', '2018-04-21 05:47:33', '2018-04-21 05:47:33', 1);
INSERT INTO `course_signs` VALUES (270, 3, 5, '350', '2018-04-21 05:47:41', '2018-04-21 05:47:41', 1);
INSERT INTO `course_signs` VALUES (271, 3, 201, '350', '2018-04-21 05:47:46', '2018-04-21 05:47:46', 1);
INSERT INTO `course_signs` VALUES (272, 3, 49, '350', '2018-04-21 05:47:57', '2018-04-21 05:47:57', 1);
INSERT INTO `course_signs` VALUES (273, 3, 144, '350', '2018-04-21 05:48:00', '2018-04-21 05:48:00', 1);
INSERT INTO `course_signs` VALUES (274, 3, 43, '350', '2018-04-21 05:48:05', '2018-04-21 05:48:05', 1);
INSERT INTO `course_signs` VALUES (275, 3, 170, '350', '2018-04-21 05:48:39', '2018-04-21 05:48:39', 1);
INSERT INTO `course_signs` VALUES (276, 3, 193, '350', '2018-04-21 05:48:40', '2018-04-21 05:48:40', 1);
INSERT INTO `course_signs` VALUES (277, 3, 24, '350', '2018-04-21 05:49:01', '2018-04-21 05:49:01', 1);
INSERT INTO `course_signs` VALUES (278, 3, 199, '350', '2018-04-21 05:49:03', '2018-04-21 05:49:03', 1);
INSERT INTO `course_signs` VALUES (279, 3, 202, '350', '2018-04-21 05:49:05', '2018-04-21 05:49:05', 1);
INSERT INTO `course_signs` VALUES (280, 3, 191, '350', '2018-04-21 05:49:31', '2018-04-21 05:49:31', 1);
INSERT INTO `course_signs` VALUES (281, 3, 290, '350', '2018-04-21 05:49:42', '2018-04-21 05:49:42', 1);
INSERT INTO `course_signs` VALUES (282, 3, 165, '350', '2018-04-21 05:50:04', '2018-04-21 05:50:04', 1);
INSERT INTO `course_signs` VALUES (283, 3, 60, '350', '2018-04-21 05:50:30', '2018-04-21 05:50:30', 1);
INSERT INTO `course_signs` VALUES (284, 3, 83, '350', '2018-04-21 05:51:16', '2018-04-21 05:51:16', 1);
INSERT INTO `course_signs` VALUES (285, 3, 34, '350', '2018-04-21 05:51:23', '2018-04-21 05:51:23', 1);
INSERT INTO `course_signs` VALUES (286, 3, 30, '350', '2018-04-21 05:51:56', '2018-04-21 05:51:56', 1);
INSERT INTO `course_signs` VALUES (287, 3, 15, '350', '2018-04-21 05:52:24', '2018-04-21 05:52:24', 1);
INSERT INTO `course_signs` VALUES (288, 3, 289, '350', '2018-04-21 05:53:32', '2018-04-21 05:53:32', 1);
INSERT INTO `course_signs` VALUES (289, 3, 166, '350', '2018-04-21 05:54:17', '2018-04-21 05:54:17', 1);
INSERT INTO `course_signs` VALUES (290, 3, 27, '350', '2018-04-21 05:54:23', '2018-04-21 05:54:23', 1);
INSERT INTO `course_signs` VALUES (291, 3, 287, '350', '2018-04-21 05:54:31', '2018-04-21 05:54:31', 1);
INSERT INTO `course_signs` VALUES (292, 3, 154, '350', '2018-04-21 05:54:33', '2018-04-21 05:54:33', 1);
INSERT INTO `course_signs` VALUES (293, 3, 9, '350', '2018-04-21 05:54:50', '2018-04-21 05:54:50', 1);
INSERT INTO `course_signs` VALUES (294, 3, 200, '350', '2018-04-21 05:55:37', '2018-04-21 05:55:37', 1);
INSERT INTO `course_signs` VALUES (295, 3, 177, '350', '2018-04-21 05:55:47', '2018-04-21 05:55:47', 1);
INSERT INTO `course_signs` VALUES (296, 3, 13, '350', '2018-04-21 05:56:44', '2018-04-21 05:56:44', 1);
INSERT INTO `course_signs` VALUES (297, 3, 108, '350', '2018-04-21 05:56:56', '2018-04-21 05:56:56', 1);
INSERT INTO `course_signs` VALUES (298, 3, 298, '350', '2018-04-21 05:57:19', '2018-04-21 05:57:19', 1);
INSERT INTO `course_signs` VALUES (299, 3, 93, '350', '2018-04-21 05:57:45', '2018-04-21 05:57:45', 1);
INSERT INTO `course_signs` VALUES (300, 3, 37, '350', '2018-04-21 05:57:50', '2018-04-21 05:57:50', 1);
INSERT INTO `course_signs` VALUES (301, 3, 52, '350', '2018-04-21 05:58:01', '2018-04-21 05:58:01', 1);
INSERT INTO `course_signs` VALUES (302, 3, 70, '350', '2018-04-21 05:58:12', '2018-04-21 05:58:12', 1);
INSERT INTO `course_signs` VALUES (303, 3, 123, '350', '2018-04-21 05:58:20', '2018-04-21 05:58:20', 1);
INSERT INTO `course_signs` VALUES (304, 3, 296, '350', '2018-04-21 05:58:39', '2018-04-21 05:58:39', 1);
INSERT INTO `course_signs` VALUES (305, 3, 82, '350', '2018-04-21 05:59:13', '2018-04-21 05:59:13', 1);
INSERT INTO `course_signs` VALUES (306, 3, 22, '350', '2018-04-21 05:59:14', '2018-04-21 05:59:14', 1);
INSERT INTO `course_signs` VALUES (307, 3, 66, '350', '2018-04-21 06:01:37', '2018-04-21 06:01:37', 1);
INSERT INTO `course_signs` VALUES (308, 3, 302, '350', '2018-04-21 06:01:43', '2018-04-21 06:01:43', 1);
INSERT INTO `course_signs` VALUES (309, 3, 285, '350', '2018-04-21 06:04:36', '2018-04-21 06:04:36', 1);
INSERT INTO `course_signs` VALUES (310, 3, 14, '350', '2018-04-21 06:05:33', '2018-04-21 06:05:33', 1);
INSERT INTO `course_signs` VALUES (311, 3, 40, '350', '2018-04-21 06:09:16', '2018-04-21 06:09:16', 1);
INSERT INTO `course_signs` VALUES (312, 3, 39, '350', '2018-04-21 06:10:38', '2018-04-21 06:10:38', 1);
INSERT INTO `course_signs` VALUES (313, 3, 299, '350', '2018-04-21 06:10:44', '2018-04-21 06:10:44', 1);
INSERT INTO `course_signs` VALUES (314, 3, 184, '350', '2018-04-21 06:11:10', '2018-04-21 06:11:10', 1);
INSERT INTO `course_signs` VALUES (315, 3, 310, '350', '2018-04-21 05:56:44', '2018-04-21 05:56:44', 1);
INSERT INTO `course_signs` VALUES (316, 3, 311, '350', '2018-04-21 05:56:44', '2018-04-21 05:56:44', 1);
INSERT INTO `course_signs` VALUES (317, 3, 312, '350', '2018-04-21 05:56:44', '2018-04-21 05:56:44', 1);
INSERT INTO `course_signs` VALUES (318, 3, 313, '350', '2018-04-21 05:56:44', '2018-04-21 05:56:44', 1);
INSERT INTO `course_signs` VALUES (319, 3, 314, '350', '2018-04-21 05:56:44', '2018-04-21 05:56:44', 1);
INSERT INTO `course_signs` VALUES (320, 3, 315, '350', '2018-04-21 05:56:44', '2018-04-21 05:56:44', 1);
INSERT INTO `course_signs` VALUES (321, 3, 316, '350', '2018-04-21 05:56:44', '2018-04-21 05:56:44', 1);
INSERT INTO `course_signs` VALUES (322, 3, 317, '350', '2018-04-21 05:56:44', '2018-04-21 05:56:44', 1);
INSERT INTO `course_signs` VALUES (323, 3, 318, '350', '2018-04-21 05:56:44', '2018-04-21 05:56:44', 1);
INSERT INTO `course_signs` VALUES (324, 3, 319, '350', '2018-04-21 05:56:44', '2018-04-21 05:56:44', 1);
INSERT INTO `course_signs` VALUES (325, 3, 320, '350', '2018-04-21 05:56:44', '2018-04-21 05:56:44', 1);
INSERT INTO `course_signs` VALUES (326, 3, 321, '350', '2018-04-21 05:56:44', '2018-04-21 05:56:44', 1);
INSERT INTO `course_signs` VALUES (327, 3, 322, '350', '2018-04-21 05:56:44', '2018-04-21 05:56:44', 1);
INSERT INTO `course_signs` VALUES (328, 3, 323, '350', '2018-04-21 05:56:44', '2018-04-21 05:56:44', 1);
INSERT INTO `course_signs` VALUES (329, 3, 324, '350', '2018-04-21 05:56:44', '2018-04-21 05:56:44', 1);
INSERT INTO `course_signs` VALUES (330, 3, 309, '350', '2018-04-21 05:56:44', '2018-04-21 05:56:44', 1);
INSERT INTO `course_signs` VALUES (331, 3, 139, '350', '2018-04-27 03:47:31', '2018-04-27 03:47:31', 1);
INSERT INTO `course_signs` VALUES (332, 4, 131, '350', '2018-04-27 10:08:39', '2018-04-28 12:40:19', 1);
INSERT INTO `course_signs` VALUES (333, 4, 84, '350', '2018-04-27 10:13:20', '2018-04-28 12:38:35', 1);
INSERT INTO `course_signs` VALUES (334, 4, 47, '350', '2018-04-27 10:15:19', '2018-04-28 12:36:56', 1);
INSERT INTO `course_signs` VALUES (335, 4, 147, '350', '2018-04-27 10:15:38', '2018-04-28 12:40:40', 1);
INSERT INTO `course_signs` VALUES (336, 4, 90, '350', '2018-04-27 10:16:25', '2018-04-28 12:39:01', 1);
INSERT INTO `course_signs` VALUES (337, 4, 200, '350', '2018-04-27 10:22:11', '2018-04-28 12:42:29', 1);
INSERT INTO `course_signs` VALUES (338, 4, 86, '350', '2018-04-27 10:22:16', '2018-04-28 12:38:40', 1);
INSERT INTO `course_signs` VALUES (339, 4, 183, '350', '2018-04-27 10:22:35', '2018-04-28 12:41:58', 1);
INSERT INTO `course_signs` VALUES (340, 4, 175, '350', '2018-04-27 10:22:57', '2018-04-28 12:41:48', 1);
INSERT INTO `course_signs` VALUES (341, 4, 146, '350', '2018-04-27 10:23:01', '2018-04-28 12:40:35', 1);
INSERT INTO `course_signs` VALUES (342, 4, 64, '350', '2018-04-27 10:25:10', '2018-04-28 12:37:17', 1);
INSERT INTO `course_signs` VALUES (343, 4, 71, '350', '2018-04-27 10:26:58', '2018-04-28 12:37:43', 1);
INSERT INTO `course_signs` VALUES (344, 4, 60, '350', '2018-04-27 10:27:24', '2018-04-28 12:37:12', 1);
INSERT INTO `course_signs` VALUES (345, 4, 81, '350', '2018-04-27 10:29:29', '2018-04-28 12:38:19', 1);
INSERT INTO `course_signs` VALUES (346, 4, 89, '350', '2018-04-27 10:30:58', '2018-04-28 12:38:56', 1);
INSERT INTO `course_signs` VALUES (347, 4, 155, '350', '2018-04-27 10:31:12', '2018-04-28 12:41:01', 1);
INSERT INTO `course_signs` VALUES (348, 4, 197, '350', '2018-04-27 10:32:19', '2018-04-28 12:42:19', 1);
INSERT INTO `course_signs` VALUES (349, 4, 288, '350', '2018-04-27 10:32:20', '2018-04-28 12:43:16', 1);
INSERT INTO `course_signs` VALUES (350, 4, 11, '350', '2018-04-27 10:32:35', '2018-04-28 12:35:28', 1);
INSERT INTO `course_signs` VALUES (351, 4, 59, '350', '2018-04-27 10:32:39', '2018-04-28 12:37:07', 1);
INSERT INTO `course_signs` VALUES (352, 4, 70, '350', '2018-04-27 10:32:43', '2018-04-28 12:37:38', 1);
INSERT INTO `course_signs` VALUES (353, 4, 171, '350', '2018-04-27 10:33:20', '2018-04-28 12:41:37', 1);
INSERT INTO `course_signs` VALUES (354, 4, 24, '350', '2018-04-27 10:33:47', '2018-04-28 12:35:48', 1);
INSERT INTO `course_signs` VALUES (355, 4, 124, '350', '2018-04-27 10:33:51', '2018-04-28 12:39:58', 1);
INSERT INTO `course_signs` VALUES (356, 4, 25, '350', '2018-04-27 10:34:03', '2018-04-28 12:35:54', 1);
INSERT INTO `course_signs` VALUES (357, 4, 303, '350', '2018-04-27 10:34:33', '2018-04-28 12:43:42', 1);
INSERT INTO `course_signs` VALUES (358, 4, 96, '350', '2018-04-27 10:35:23', '2018-04-28 12:39:17', 1);
INSERT INTO `course_signs` VALUES (359, 4, 156, '350', '2018-04-27 10:36:25', '2018-04-28 12:41:06', 1);
INSERT INTO `course_signs` VALUES (360, 4, 117, '350', '2018-04-27 10:37:36', '2018-04-28 12:39:48', 1);
INSERT INTO `course_signs` VALUES (361, 4, 134, '350', '2018-04-27 10:37:37', '2018-04-28 12:40:30', 1);
INSERT INTO `course_signs` VALUES (362, 4, 114, '350', '2018-04-27 10:37:40', '2018-04-28 12:39:43', 1);
INSERT INTO `course_signs` VALUES (363, 4, 193, '350', '2018-04-27 10:38:00', '2018-04-28 12:42:14', 1);
INSERT INTO `course_signs` VALUES (364, 4, 73, '350', '2018-04-27 10:39:16', '2018-04-28 12:37:48', 1);
INSERT INTO `course_signs` VALUES (365, 4, 189, '350', '2018-04-27 10:42:33', '2018-04-28 12:42:09', 1);
INSERT INTO `course_signs` VALUES (366, 4, 5, '350', '2018-04-27 10:42:40', '2018-04-28 12:35:17', 1);
INSERT INTO `course_signs` VALUES (367, 4, 308, '350', '2018-04-27 10:42:50', '2018-04-28 12:44:03', 1);
INSERT INTO `course_signs` VALUES (368, 4, 167, '350', '2018-04-27 10:43:48', '2018-04-28 12:41:27', 1);
INSERT INTO `course_signs` VALUES (369, 4, 91, '350', '2018-04-27 10:44:02', '2018-04-28 12:39:06', 1);
INSERT INTO `course_signs` VALUES (370, 4, 79, '350', '2018-04-27 10:44:06', '2018-04-28 12:38:09', 1);
INSERT INTO `course_signs` VALUES (371, 4, 69, '350', '2018-04-27 10:44:06', '2018-04-28 12:37:33', 1);
INSERT INTO `course_signs` VALUES (372, 4, 74, '350', '2018-04-27 10:44:11', '2018-04-28 12:37:54', 1);
INSERT INTO `course_signs` VALUES (373, 4, 83, '350', '2018-04-27 10:44:17', '2018-04-28 12:38:30', 1);
INSERT INTO `course_signs` VALUES (374, 4, 208, '350', '2018-04-27 10:44:45', '2018-04-28 12:42:45', 1);
INSERT INTO `course_signs` VALUES (375, 4, 37, '350', '2018-04-27 10:45:13', '2018-04-28 12:36:35', 1);
INSERT INTO `course_signs` VALUES (376, 4, 80, '350', '2018-04-27 10:46:37', '2018-04-28 12:38:14', 1);
INSERT INTO `course_signs` VALUES (377, 4, 106, '350', '2018-04-27 10:46:43', '2018-04-28 12:39:32', 1);
INSERT INTO `course_signs` VALUES (378, 4, 103, '350', '2018-04-27 10:46:46', '2018-04-28 12:39:22', 1);
INSERT INTO `course_signs` VALUES (379, 4, 299, '350', '2018-04-27 10:47:02', '2018-04-28 12:43:32', 1);
INSERT INTO `course_signs` VALUES (380, 4, 165, '350', '2018-04-27 10:47:16', '2018-04-28 12:41:22', 1);
INSERT INTO `course_signs` VALUES (381, 4, 170, '350', '2018-04-27 10:47:18', '2018-04-28 12:41:32', 1);
INSERT INTO `course_signs` VALUES (382, 4, 65, '350', '2018-04-27 10:47:24', '2018-04-28 12:37:22', 1);
INSERT INTO `course_signs` VALUES (383, 4, 33, '350', '2018-04-27 10:47:25', '2018-04-28 12:36:20', 1);
INSERT INTO `course_signs` VALUES (384, 4, 184, '350', '2018-04-27 10:47:43', '2018-04-28 12:42:03', 1);
INSERT INTO `course_signs` VALUES (385, 4, 9, '350', '2018-04-27 10:47:50', '2018-04-28 12:35:22', 1);
INSERT INTO `course_signs` VALUES (386, 4, 132, '350', '2018-04-27 10:49:10', '2018-04-28 12:40:24', 1);
INSERT INTO `course_signs` VALUES (387, 4, 104, '350', '2018-04-27 10:49:49', '2018-04-28 12:39:27', 1);
INSERT INTO `course_signs` VALUES (388, 4, 126, '350', '2018-04-27 10:50:09', '2018-04-28 12:40:09', 1);
INSERT INTO `course_signs` VALUES (389, 4, 159, '350', '2018-04-27 10:51:48', '2018-04-28 12:41:17', 1);
INSERT INTO `course_signs` VALUES (390, 4, 203, '350', '2018-04-27 10:51:53', '2018-04-28 12:42:40', 1);
INSERT INTO `course_signs` VALUES (391, 4, 30, '350', '2018-04-27 10:52:07', '2018-04-28 12:36:04', 1);
INSERT INTO `course_signs` VALUES (392, 4, 26, '350', '2018-04-27 10:52:08', '2018-04-28 12:35:59', 1);
INSERT INTO `course_signs` VALUES (393, 4, 34, '350', '2018-04-27 10:52:48', '2018-04-28 12:36:25', 1);
INSERT INTO `course_signs` VALUES (394, 4, 306, '350', '2018-04-27 10:54:00', '2018-04-28 12:43:53', 1);
INSERT INTO `course_signs` VALUES (395, 4, 292, '350', '2018-04-27 10:54:01', '2018-04-28 12:43:27', 1);
INSERT INTO `course_signs` VALUES (396, 4, 285, '350', '2018-04-27 10:54:14', '2018-04-28 12:43:06', 1);
INSERT INTO `course_signs` VALUES (397, 4, 19, '350', '2018-04-27 10:54:17', '2018-04-28 12:35:38', 1);
INSERT INTO `course_signs` VALUES (398, 4, 67, '350', '2018-04-27 10:54:18', '2018-04-28 12:37:27', 1);
INSERT INTO `course_signs` VALUES (399, 4, 284, '350', '2018-04-27 10:54:52', '2018-04-28 12:43:01', 1);
INSERT INTO `course_signs` VALUES (400, 4, 283, '350', '2018-04-27 10:55:53', '2018-04-28 12:42:55', 1);
INSERT INTO `course_signs` VALUES (401, 4, 129, '350', '2018-04-27 10:55:54', '2018-04-28 12:40:14', 1);
INSERT INTO `course_signs` VALUES (402, 4, 123, '350', '2018-04-27 10:55:58', '2018-04-28 12:39:53', 1);
INSERT INTO `course_signs` VALUES (403, 4, 40, '350', '2018-04-27 10:56:04', '2018-04-28 12:36:46', 1);
INSERT INTO `course_signs` VALUES (404, 4, 172, '350', '2018-04-27 10:56:10', '2018-04-28 12:41:43', 1);
INSERT INTO `course_signs` VALUES (405, 4, 76, '350', '2018-04-27 10:57:19', '2018-04-28 12:37:59', 1);
INSERT INTO `course_signs` VALUES (406, 4, 153, '350', '2018-04-27 10:57:33', '2018-04-28 12:40:50', 1);
INSERT INTO `course_signs` VALUES (407, 4, 302, '350', '2018-04-27 10:59:07', '2018-04-28 12:43:37', 1);
INSERT INTO `course_signs` VALUES (408, 4, 87, '350', '2018-04-27 11:00:39', '2018-04-28 12:38:46', 1);
INSERT INTO `course_signs` VALUES (409, 4, 287, '350', '2018-04-27 11:01:39', '2018-04-28 12:43:11', 1);
INSERT INTO `course_signs` VALUES (410, 4, 15, '350', '2018-04-27 11:01:59', '2018-04-28 12:35:33', 1);
INSERT INTO `course_signs` VALUES (411, 4, 94, '350', '2018-04-27 11:02:08', '2018-04-28 12:39:12', 1);
INSERT INTO `course_signs` VALUES (412, 4, 22, '350', '2018-04-27 11:03:57', '2018-04-28 12:35:43', 1);
INSERT INTO `course_signs` VALUES (413, 4, 39, '350', '2018-04-27 11:04:01', '2018-04-28 12:36:41', 1);
INSERT INTO `course_signs` VALUES (414, 4, 109, '350', '2018-04-27 11:37:53', '2018-04-28 12:39:38', 1);
INSERT INTO `course_signs` VALUES (415, 4, 125, '350', '2018-04-27 13:20:48', '2018-04-28 12:40:04', 1);
INSERT INTO `course_signs` VALUES (416, 4, 314, '350', '2018-05-02 08:11:02', '2018-05-02 08:12:56', 1);
INSERT INTO `course_signs` VALUES (417, 4, 312, '350', '2018-05-02 08:11:35', '2018-05-02 08:12:51', 1);
INSERT INTO `course_signs` VALUES (418, 5, 2, '350', '2018-05-05 02:27:40', '2018-05-05 12:38:34', 1);
INSERT INTO `course_signs` VALUES (419, 5, 132, '350', '2018-05-05 04:41:07', '2018-05-05 12:43:36', 1);
INSERT INTO `course_signs` VALUES (420, 5, 43, '350', '2018-05-05 04:41:42', '2018-05-05 12:39:57', 1);
INSERT INTO `course_signs` VALUES (421, 5, 80, '350', '2018-05-05 04:44:34', '2018-05-05 12:41:25', 1);
INSERT INTO `course_signs` VALUES (422, 5, 329, '350', '2018-05-05 04:51:25', '2018-05-05 12:48:12', 1);
INSERT INTO `course_signs` VALUES (423, 5, 138, '350', '2018-05-05 04:52:39', '2018-05-05 12:43:41', 1);
INSERT INTO `course_signs` VALUES (424, 5, 147, '350', '2018-05-05 04:55:28', '2018-05-05 12:44:07', 1);
INSERT INTO `course_signs` VALUES (425, 5, 102, '350', '2018-05-05 04:56:46', '2018-05-05 12:42:23', 1);
INSERT INTO `course_signs` VALUES (426, 5, 160, '350', '2018-05-05 05:01:35', '2018-05-05 12:44:43', 1);
INSERT INTO `course_signs` VALUES (427, 5, 99, '350', '2018-05-05 05:02:32', '2018-05-05 12:42:12', 1);
INSERT INTO `course_signs` VALUES (428, 5, 77, '350', '2018-05-05 05:08:32', '2018-05-05 12:41:15', 1);
INSERT INTO `course_signs` VALUES (429, 5, 317, '350', '2018-05-05 05:08:45', '2018-05-05 12:47:56', 1);
INSERT INTO `course_signs` VALUES (430, 5, 55, '350', '2018-05-05 05:09:06', '2018-05-05 12:40:18', 1);
INSERT INTO `course_signs` VALUES (431, 5, 67, '350', '2018-05-05 05:10:27', '2018-05-05 12:40:39', 1);
INSERT INTO `course_signs` VALUES (432, 5, 171, '350', '2018-05-05 05:11:41', '2018-05-05 12:45:20', 1);
INSERT INTO `course_signs` VALUES (433, 5, 155, '350', '2018-05-05 05:15:00', '2018-05-05 12:44:28', 1);
INSERT INTO `course_signs` VALUES (434, 5, 90, '350', '2018-05-05 05:15:30', '2018-05-05 12:42:02', 1);
INSERT INTO `course_signs` VALUES (435, 5, 146, '350', '2018-05-05 05:15:34', '2018-05-05 12:44:02', 1);
INSERT INTO `course_signs` VALUES (436, 5, 47, '350', '2018-05-05 05:16:32', '2018-05-05 12:40:02', 1);
INSERT INTO `course_signs` VALUES (437, 5, 13, '350', '2018-05-05 05:16:42', '2018-05-05 12:39:00', 1);
INSERT INTO `course_signs` VALUES (438, 5, 306, '350', '2018-05-05 05:19:36', '2018-05-05 12:47:25', 1);
INSERT INTO `course_signs` VALUES (439, 5, 109, '350', '2018-05-05 05:20:01', '2018-05-05 12:42:38', 1);
INSERT INTO `course_signs` VALUES (440, 5, 73, '350', '2018-05-05 05:20:36', '2018-05-05 12:40:59', 1);
INSERT INTO `course_signs` VALUES (441, 5, 156, '350', '2018-05-05 05:23:22', '2018-05-05 12:44:33', 1);
INSERT INTO `course_signs` VALUES (442, 5, 64, '350', '2018-05-05 05:23:46', '2018-05-05 12:40:33', 1);
INSERT INTO `course_signs` VALUES (443, 5, 153, '350', '2018-05-05 05:24:20', '2018-05-05 12:44:22', 1);
INSERT INTO `course_signs` VALUES (444, 5, 139, '350', '2018-05-05 05:25:49', '2018-05-05 12:43:46', 1);
INSERT INTO `course_signs` VALUES (445, 5, 303, '350', '2018-05-05 05:26:29', '2018-05-05 12:47:14', 1);
INSERT INTO `course_signs` VALUES (446, 5, 148, '350', '2018-05-05 05:26:50', '2018-05-05 12:44:12', 1);
INSERT INTO `course_signs` VALUES (447, 5, 162, '350', '2018-05-05 05:27:54', '2018-05-05 12:44:48', 1);
INSERT INTO `course_signs` VALUES (448, 5, 131, '350', '2018-05-05 05:28:08', '2018-05-05 12:43:30', 1);
INSERT INTO `course_signs` VALUES (449, 5, 295, '350', '2018-05-05 05:29:14', '2018-05-05 12:46:53', 1);
INSERT INTO `course_signs` VALUES (450, 5, 288, '350', '2018-05-05 05:30:15', '2018-05-05 12:46:38', 1);
INSERT INTO `course_signs` VALUES (451, 5, 59, '350', '2018-05-05 05:30:20', '2018-05-05 12:40:23', 1);
INSERT INTO `course_signs` VALUES (452, 5, 301, '350', '2018-05-05 05:30:33', '2018-05-05 12:47:04', 1);
INSERT INTO `course_signs` VALUES (453, 5, 164, '350', '2018-05-05 05:31:45', '2018-05-05 12:44:54', 1);
INSERT INTO `course_signs` VALUES (454, 5, 86, '350', '2018-05-05 05:33:08', '2018-05-05 12:41:46', 1);
INSERT INTO `course_signs` VALUES (455, 5, 60, '350', '2018-05-05 05:33:52', '2018-05-05 12:40:28', 1);
INSERT INTO `course_signs` VALUES (456, 5, 11, '350', '2018-05-05 05:33:52', '2018-05-05 12:38:54', 1);
INSERT INTO `course_signs` VALUES (457, 5, 126, '350', '2018-05-05 05:34:47', '2018-05-05 12:43:20', 1);
INSERT INTO `course_signs` VALUES (458, 5, 312, '350', '2018-05-05 05:36:34', '2018-05-05 12:47:45', 1);
INSERT INTO `course_signs` VALUES (459, 5, 112, '350', '2018-05-05 05:37:02', '2018-05-05 12:42:43', 1);
INSERT INTO `course_signs` VALUES (460, 5, 26, '350', '2018-05-05 05:37:09', '2018-05-05 12:39:15', 1);
INSERT INTO `course_signs` VALUES (461, 5, 175, '350', '2018-05-05 05:37:58', '2018-05-05 12:45:30', 1);
INSERT INTO `course_signs` VALUES (462, 5, 122, '350', '2018-05-05 05:38:22', '2018-05-05 12:42:59', 1);
INSERT INTO `course_signs` VALUES (463, 5, 158, '350', '2018-05-05 05:38:41', '2018-05-05 12:44:38', 1);
INSERT INTO `course_signs` VALUES (464, 5, 182, '350', '2018-05-05 05:38:52', '2018-05-05 12:45:35', 1);
INSERT INTO `course_signs` VALUES (465, 5, 95, '350', '2018-05-05 05:38:54', '2018-05-05 12:42:07', 1);
INSERT INTO `course_signs` VALUES (466, 5, 76, '350', '2018-05-05 05:39:04', '2018-05-05 12:41:10', 1);
INSERT INTO `course_signs` VALUES (467, 5, 106, '350', '2018-05-05 05:39:51', '2018-05-05 12:42:33', 1);
INSERT INTO `course_signs` VALUES (468, 5, 213, '350', '2018-05-05 05:39:54', '2018-05-05 12:46:22', 1);
INSERT INTO `course_signs` VALUES (469, 5, 103, '350', '2018-05-05 05:39:57', '2018-05-05 12:42:28', 1);
INSERT INTO `course_signs` VALUES (470, 5, 70, '350', '2018-05-05 05:40:28', '2018-05-05 12:40:49', 1);
INSERT INTO `course_signs` VALUES (471, 5, 165, '350', '2018-05-05 05:40:41', '2018-05-05 12:44:59', 1);
INSERT INTO `course_signs` VALUES (472, 5, 326, '350', '2018-05-05 05:40:57', '2018-05-05 12:48:06', 1);
INSERT INTO `course_signs` VALUES (473, 5, 208, '350', '2018-05-05 05:42:40', '2018-05-05 12:46:17', 1);
INSERT INTO `course_signs` VALUES (474, 5, 203, '350', '2018-05-05 05:43:07', '2018-05-05 12:46:12', 1);
INSERT INTO `course_signs` VALUES (475, 5, 170, '350', '2018-05-05 05:43:11', '2018-05-05 12:45:14', 1);
INSERT INTO `course_signs` VALUES (476, 5, 101, '350', '2018-05-05 05:43:47', '2018-05-05 12:42:17', 1);
INSERT INTO `course_signs` VALUES (477, 5, 149, '350', '2018-05-05 05:44:14', '2018-05-05 12:44:17', 1);
INSERT INTO `course_signs` VALUES (478, 5, 88, '350', '2018-05-05 05:44:22', '2018-05-05 12:41:57', 1);
INSERT INTO `course_signs` VALUES (479, 5, 145, '350', '2018-05-05 05:45:15', '2018-05-05 12:43:56', 1);
INSERT INTO `course_signs` VALUES (480, 5, 15, '350', '2018-05-05 05:45:49', '2018-05-05 12:39:05', 1);
INSERT INTO `course_signs` VALUES (481, 5, 71, '350', '2018-05-05 05:46:25', '2018-05-05 12:40:54', 1);
INSERT INTO `course_signs` VALUES (482, 5, 24, '350', '2018-05-05 05:46:26', '2018-05-05 12:39:10', 1);
INSERT INTO `course_signs` VALUES (483, 5, 37, '350', '2018-05-05 05:46:55', '2018-05-05 12:39:41', 1);
INSERT INTO `course_signs` VALUES (484, 5, 309, '350', '2018-05-05 05:46:59', '2018-05-05 12:47:40', 1);
INSERT INTO `course_signs` VALUES (485, 5, 5, '350', '2018-05-05 05:47:15', '2018-05-05 12:38:44', 1);
INSERT INTO `course_signs` VALUES (486, 5, 292, '350', '2018-05-05 05:47:18', '2018-05-05 12:46:48', 1);
INSERT INTO `course_signs` VALUES (487, 5, 83, '350', '2018-05-05 05:47:40', '2018-05-05 12:41:36', 1);
INSERT INTO `course_signs` VALUES (488, 5, 32, '350', '2018-05-05 05:47:54', '2018-05-05 12:39:31', 1);
INSERT INTO `course_signs` VALUES (489, 5, 299, '350', '2018-05-05 05:50:02', '2018-05-05 12:46:59', 1);
INSERT INTO `course_signs` VALUES (490, 5, 287, '350', '2018-05-05 05:50:43', '2018-05-05 12:46:33', 1);
INSERT INTO `course_signs` VALUES (491, 5, 27, '350', '2018-05-05 05:50:45', '2018-05-05 12:39:20', 1);
INSERT INTO `course_signs` VALUES (492, 5, 124, '350', '2018-05-05 05:51:07', '2018-05-05 12:43:10', 1);
INSERT INTO `course_signs` VALUES (493, 5, 79, '350', '2018-05-05 05:51:11', '2018-05-05 12:41:20', 1);
INSERT INTO `course_signs` VALUES (494, 5, 74, '350', '2018-05-05 05:51:27', '2018-05-05 12:41:05', 1);
INSERT INTO `course_signs` VALUES (495, 5, 81, '350', '2018-05-05 05:51:34', '2018-05-05 12:41:31', 1);
INSERT INTO `course_signs` VALUES (496, 5, 8, '350', '2018-05-05 05:52:02', '2018-05-05 12:38:49', 1);
INSERT INTO `course_signs` VALUES (497, 5, 125, '350', '2018-05-05 05:52:05', '2018-05-05 12:43:15', 1);
INSERT INTO `course_signs` VALUES (498, 5, 184, '350', '2018-05-05 05:52:32', '2018-05-05 12:45:46', 1);
INSERT INTO `course_signs` VALUES (499, 5, 3, '350', '2018-05-05 05:52:55', '2018-05-05 12:38:39', 1);
INSERT INTO `course_signs` VALUES (500, 5, 84, '350', '2018-05-05 05:52:58', '2018-05-05 12:41:41', 1);
INSERT INTO `course_signs` VALUES (501, 5, 286, '350', '2018-05-05 05:52:59', '2018-05-05 12:46:27', 1);
INSERT INTO `course_signs` VALUES (502, 5, 69, '350', '2018-05-05 05:53:08', '2018-05-05 12:40:44', 1);
INSERT INTO `course_signs` VALUES (503, 5, 200, '350', '2018-05-05 05:53:26', '2018-05-05 12:46:07', 1);
INSERT INTO `course_signs` VALUES (504, 5, 167, '350', '2018-05-05 05:53:44', '2018-05-05 12:45:09', 1);
INSERT INTO `course_signs` VALUES (505, 5, 189, '350', '2018-05-05 05:53:49', '2018-05-05 12:45:51', 1);
INSERT INTO `course_signs` VALUES (506, 5, 183, '350', '2018-05-05 05:53:52', '2018-05-05 12:45:40', 1);
INSERT INTO `course_signs` VALUES (507, 5, 314, '350', '2018-05-05 05:54:02', '2018-05-05 12:47:51', 1);
INSERT INTO `course_signs` VALUES (508, 5, 33, '350', '2018-05-05 05:55:10', '2018-05-05 12:39:36', 1);
INSERT INTO `course_signs` VALUES (509, 5, 29, '350', '2018-05-05 05:55:12', '2018-05-05 12:39:26', 1);
INSERT INTO `course_signs` VALUES (510, 5, 38, '350', '2018-05-05 05:56:15', '2018-05-05 12:39:46', 1);
INSERT INTO `course_signs` VALUES (511, 5, 308, '350', '2018-05-05 05:56:47', '2018-05-05 12:47:35', 1);
INSERT INTO `course_signs` VALUES (512, 5, 114, '350', '2018-05-05 05:57:17', '2018-05-05 12:42:49', 1);
INSERT INTO `course_signs` VALUES (513, 5, 40, '350', '2018-05-05 05:57:21', '2018-05-05 12:39:52', 1);
INSERT INTO `course_signs` VALUES (514, 5, 123, '350', '2018-05-05 05:57:50', '2018-05-05 12:43:04', 1);
INSERT INTO `course_signs` VALUES (515, 5, 49, '350', '2018-05-05 05:58:48', '2018-05-05 12:40:07', 1);
INSERT INTO `course_signs` VALUES (516, 5, 166, '350', '2018-05-05 05:59:00', '2018-05-05 12:45:04', 1);
INSERT INTO `course_signs` VALUES (517, 5, 193, '350', '2018-05-05 06:03:43', '2018-05-05 12:46:01', 1);
INSERT INTO `course_signs` VALUES (518, 5, 172, '350', '2018-05-05 06:03:44', '2018-05-05 12:45:25', 1);
INSERT INTO `course_signs` VALUES (519, 5, 87, '350', '2018-05-05 06:06:10', '2018-05-05 12:41:51', 1);
INSERT INTO `course_signs` VALUES (520, 5, 302, '350', '2018-05-05 06:06:52', '2018-05-05 12:47:09', 1);
INSERT INTO `course_signs` VALUES (521, 5, 117, '350', '2018-05-05 06:09:41', '2018-05-05 12:42:54', 1);
INSERT INTO `course_signs` VALUES (522, 6, 2, '350', '2018-05-12 03:42:41', '2018-05-14 02:17:54', 1);
INSERT INTO `course_signs` VALUES (523, 6, 335, '350', '2018-05-12 04:44:39', '2018-05-14 02:23:54', 1);
INSERT INTO `course_signs` VALUES (524, 6, 31, '350', '2018-05-12 05:04:13', '2018-05-14 02:18:41', 1);
INSERT INTO `course_signs` VALUES (525, 6, 36, '350', '2018-05-12 05:04:34', '2018-05-14 02:19:02', 1);
INSERT INTO `course_signs` VALUES (526, 6, 73, '350', '2018-05-12 05:15:35', '2018-05-14 02:19:49', 1);
INSERT INTO `course_signs` VALUES (527, 6, 144, '350', '2018-05-12 05:17:16', '2018-05-14 02:21:28', 1);
INSERT INTO `course_signs` VALUES (528, 6, 147, '350', '2018-05-12 05:17:26', '2018-05-14 02:21:38', 1);
INSERT INTO `course_signs` VALUES (529, 6, 90, '350', '2018-05-12 05:22:58', '2018-05-14 02:20:25', 1);
INSERT INTO `course_signs` VALUES (530, 6, 288, '350', '2018-05-12 05:34:36', '2018-05-14 02:22:57', 1);
INSERT INTO `course_signs` VALUES (531, 6, 156, '350', '2018-05-12 05:34:47', '2018-05-14 02:21:49', 1);
INSERT INTO `course_signs` VALUES (532, 6, 59, '350', '2018-05-12 05:34:48', '2018-05-14 02:19:23', 1);
INSERT INTO `course_signs` VALUES (533, 6, 86, '350', '2018-05-12 05:34:53', '2018-05-14 02:20:20', 1);
INSERT INTO `course_signs` VALUES (534, 6, 81, '350', '2018-05-12 05:35:04', '2018-05-14 02:20:10', 1);
INSERT INTO `course_signs` VALUES (535, 6, 101, '350', '2018-05-12 05:36:29', '2018-05-14 02:20:46', 1);
INSERT INTO `course_signs` VALUES (536, 6, 155, '350', '2018-05-12 05:36:46', '2018-05-14 02:21:44', 1);
INSERT INTO `course_signs` VALUES (537, 6, 20, '350', '2018-05-12 05:38:23', '2018-05-14 02:18:15', 1);
INSERT INTO `course_signs` VALUES (538, 6, 91, '350', '2018-05-12 05:39:57', '2018-05-14 02:20:31', 1);
INSERT INTO `course_signs` VALUES (539, 6, 32, '350', '2018-05-12 05:39:58', '2018-05-14 02:18:46', 1);
INSERT INTO `course_signs` VALUES (540, 6, 13, '350', '2018-05-12 05:42:20', '2018-05-14 02:18:10', 1);
INSERT INTO `course_signs` VALUES (541, 6, 76, '350', '2018-05-12 05:42:58', '2018-05-14 02:19:59', 1);
INSERT INTO `course_signs` VALUES (542, 6, 69, '350', '2018-05-12 05:43:05', '2018-05-14 02:19:39', 1);
INSERT INTO `course_signs` VALUES (543, 6, 74, '350', '2018-05-12 05:43:08', '2018-05-14 02:19:54', 1);
INSERT INTO `course_signs` VALUES (544, 6, 112, '350', '2018-05-12 05:44:17', '2018-05-14 02:20:57', 1);
INSERT INTO `course_signs` VALUES (545, 6, 158, '350', '2018-05-12 05:44:29', '2018-05-14 02:21:54', 1);
INSERT INTO `course_signs` VALUES (546, 6, 99, '350', '2018-05-12 05:44:34', '2018-05-14 02:20:41', 1);
INSERT INTO `course_signs` VALUES (547, 6, 130, '350', '2018-05-12 05:45:24', '2018-05-14 02:21:23', 1);
INSERT INTO `course_signs` VALUES (548, 6, 200, '350', '2018-05-12 05:45:28', '2018-05-14 02:22:46', 1);
INSERT INTO `course_signs` VALUES (549, 6, 167, '350', '2018-05-12 05:45:48', '2018-05-14 02:22:10', 1);
INSERT INTO `course_signs` VALUES (550, 6, 189, '350', '2018-05-12 05:45:54', '2018-05-14 02:22:41', 1);
INSERT INTO `course_signs` VALUES (551, 6, 183, '350', '2018-05-12 05:45:55', '2018-05-14 02:22:31', 1);
INSERT INTO `course_signs` VALUES (552, 6, 301, '350', '2018-05-12 05:46:26', '2018-05-14 02:23:12', 1);
INSERT INTO `course_signs` VALUES (553, 6, 165, '350', '2018-05-12 05:46:37', '2018-05-14 02:21:59', 1);
INSERT INTO `course_signs` VALUES (554, 6, 95, '350', '2018-05-12 05:47:43', '2018-05-14 02:20:36', 1);
INSERT INTO `course_signs` VALUES (555, 6, 175, '350', '2018-05-12 05:47:53', '2018-05-14 02:22:25', 1);
INSERT INTO `course_signs` VALUES (556, 6, 80, '350', '2018-05-12 05:47:56', '2018-05-14 02:20:05', 1);
INSERT INTO `course_signs` VALUES (557, 6, 332, '350', '2018-05-12 05:48:36', '2018-05-14 02:23:49', 1);
INSERT INTO `course_signs` VALUES (558, 6, 312, '350', '2018-05-12 05:48:47', '2018-05-14 02:23:23', 1);
INSERT INTO `course_signs` VALUES (559, 6, 37, '350', '2018-05-12 05:51:42', '2018-05-14 02:19:07', 1);
INSERT INTO `course_signs` VALUES (560, 6, 33, '350', '2018-05-12 05:51:45', '2018-05-14 02:18:52', 1);
INSERT INTO `course_signs` VALUES (561, 6, 330, '350', '2018-05-12 05:52:27', '2018-05-14 02:23:44', 1);
INSERT INTO `course_signs` VALUES (562, 6, 11, '350', '2018-05-12 05:52:28', '2018-05-14 02:18:05', 1);
INSERT INTO `course_signs` VALUES (563, 6, 60, '350', '2018-05-12 05:52:37', '2018-05-14 02:19:28', 1);
INSERT INTO `course_signs` VALUES (564, 6, 71, '350', '2018-05-12 05:52:56', '2018-05-14 02:19:44', 1);
INSERT INTO `course_signs` VALUES (565, 6, 166, '350', '2018-05-12 05:53:18', '2018-05-14 02:22:05', 1);
INSERT INTO `course_signs` VALUES (566, 6, 34, '350', '2018-05-12 05:53:57', '2018-05-14 02:18:57', 1);
INSERT INTO `course_signs` VALUES (567, 6, 317, '350', '2018-05-12 05:54:14', '2018-05-14 02:23:33', 1);
INSERT INTO `course_signs` VALUES (568, 6, 319, '350', '2018-05-12 05:54:14', '2018-05-14 02:23:38', 1);
INSERT INTO `course_signs` VALUES (569, 6, 30, '350', '2018-05-12 05:54:22', '2018-05-14 02:18:36', 1);
INSERT INTO `course_signs` VALUES (570, 6, 26, '350', '2018-05-12 05:54:26', '2018-05-14 02:18:26', 1);
INSERT INTO `course_signs` VALUES (571, 6, 83, '350', '2018-05-12 05:55:13', '2018-05-14 02:20:15', 1);
INSERT INTO `course_signs` VALUES (572, 6, 5, '350', '2018-05-12 05:55:15', '2018-05-14 02:17:59', 1);
INSERT INTO `course_signs` VALUES (573, 6, 129, '350', '2018-05-12 05:55:20', '2018-05-14 02:21:18', 1);
INSERT INTO `course_signs` VALUES (574, 6, 125, '350', '2018-05-12 05:56:57', '2018-05-14 02:21:12', 1);
INSERT INTO `course_signs` VALUES (575, 6, 314, '350', '2018-05-12 05:57:01', '2018-05-14 02:23:28', 1);
INSERT INTO `course_signs` VALUES (576, 6, 39, '350', '2018-05-12 05:57:26', '2018-05-14 02:19:12', 1);
INSERT INTO `course_signs` VALUES (577, 6, 22, '350', '2018-05-12 05:57:49', '2018-05-14 02:18:20', 1);
INSERT INTO `course_signs` VALUES (578, 6, 309, '350', '2018-05-12 05:58:18', '2018-05-14 02:23:18', 1);
INSERT INTO `course_signs` VALUES (579, 6, 117, '350', '2018-05-12 05:58:24', '2018-05-14 02:21:02', 1);
INSERT INTO `course_signs` VALUES (580, 6, 287, '350', '2018-05-12 05:58:38', '2018-05-14 02:22:51', 1);
INSERT INTO `course_signs` VALUES (581, 6, 146, '350', '2018-05-12 05:59:18', '2018-05-14 02:21:33', 1);
INSERT INTO `course_signs` VALUES (582, 6, 123, '350', '2018-05-12 05:59:23', '2018-05-14 02:21:07', 1);
INSERT INTO `course_signs` VALUES (583, 6, 295, '350', '2018-05-12 05:59:49', '2018-05-14 02:23:07', 1);
INSERT INTO `course_signs` VALUES (584, 6, 292, '350', '2018-05-12 05:59:59', '2018-05-14 02:23:02', 1);
INSERT INTO `course_signs` VALUES (585, 6, 27, '350', '2018-05-12 06:02:16', '2018-05-14 02:18:31', 1);
INSERT INTO `course_signs` VALUES (586, 6, 184, '350', '2018-05-12 06:11:11', '2018-05-14 02:22:36', 1);
INSERT INTO `course_signs` VALUES (587, 6, 40, '350', '2018-05-12 06:12:16', '2018-05-14 02:19:18', 1);
INSERT INTO `course_signs` VALUES (588, 6, 109, '350', '2018-05-12 06:13:30', '2018-05-14 02:20:52', 1);
INSERT INTO `course_signs` VALUES (589, 6, 172, '350', '2018-05-12 06:14:32', '2018-05-14 02:22:20', 1);
INSERT INTO `course_signs` VALUES (590, 6, 170, '350', '2018-05-12 07:12:38', '2018-05-14 02:22:15', 1);
INSERT INTO `course_signs` VALUES (591, 7, 2, '700', '2018-05-18 15:41:21', '2018-05-18 15:41:21', 0);
INSERT INTO `course_signs` VALUES (592, 7, 335, '700', '2018-05-19 01:17:20', '2018-05-19 01:17:20', 0);
INSERT INTO `course_signs` VALUES (593, 7, 67, '700', '2018-05-19 01:17:24', '2018-05-19 01:17:24', 0);
INSERT INTO `course_signs` VALUES (594, 7, 11, '700', '2018-05-19 01:17:49', '2018-05-19 01:17:49', 0);
INSERT INTO `course_signs` VALUES (595, 7, 314, '700', '2018-05-19 01:18:11', '2018-05-19 01:18:11', 0);
INSERT INTO `course_signs` VALUES (596, 7, 125, '700', '2018-05-19 01:18:19', '2018-05-19 01:18:19', 0);
INSERT INTO `course_signs` VALUES (597, 7, 317, '700', '2018-05-19 01:20:01', '2018-05-19 01:20:01', 0);
INSERT INTO `course_signs` VALUES (598, 7, 319, '700', '2018-05-19 01:20:02', '2018-05-19 01:20:02', 0);
INSERT INTO `course_signs` VALUES (599, 7, 77, '700', '2018-05-19 01:20:43', '2018-05-19 01:20:43', 0);
INSERT INTO `course_signs` VALUES (600, 7, 55, '700', '2018-05-19 01:20:47', '2018-05-19 01:20:47', 0);
INSERT INTO `course_signs` VALUES (601, 7, 172, '700', '2018-05-19 01:20:55', '2018-05-19 01:20:55', 0);
INSERT INTO `course_signs` VALUES (602, 7, 90, '700', '2018-05-19 01:21:05', '2018-05-19 01:21:05', 0);
INSERT INTO `course_signs` VALUES (603, 7, 81, '700', '2018-05-19 01:21:08', '2018-05-19 01:21:08', 0);
INSERT INTO `course_signs` VALUES (604, 7, 74, '700', '2018-05-19 01:21:09', '2018-05-19 01:21:09', 0);
INSERT INTO `course_signs` VALUES (605, 7, 79, '700', '2018-05-19 01:21:13', '2018-05-19 01:21:13', 0);
INSERT INTO `course_signs` VALUES (606, 7, 303, '700', '2018-05-19 01:21:17', '2018-05-19 01:21:17', 0);
INSERT INTO `course_signs` VALUES (607, 7, 69, '700', '2018-05-19 01:21:18', '2018-05-19 01:21:18', 0);
INSERT INTO `course_signs` VALUES (608, 7, 332, '700', '2018-05-19 01:21:20', '2018-05-19 01:21:20', 0);
INSERT INTO `course_signs` VALUES (609, 7, 38, '700', '2018-05-19 01:21:43', '2018-05-19 01:21:43', 0);
INSERT INTO `course_signs` VALUES (610, 7, 5, '700', '2018-05-19 01:22:18', '2018-05-19 01:22:18', 0);
INSERT INTO `course_signs` VALUES (611, 7, 47, '700', '2018-05-19 01:23:47', '2018-05-19 01:23:47', 0);
INSERT INTO `course_signs` VALUES (612, 7, 106, '700', '2018-05-19 01:23:58', '2018-05-19 01:23:58', 0);
INSERT INTO `course_signs` VALUES (613, 7, 103, '700', '2018-05-19 01:24:14', '2018-05-19 01:24:14', 0);
INSERT INTO `course_signs` VALUES (614, 7, 101, '700', '2018-05-19 01:24:57', '2018-05-19 01:24:57', 0);
INSERT INTO `course_signs` VALUES (615, 7, 292, '700', '2018-05-19 01:25:21', '2018-05-19 01:25:21', 0);
INSERT INTO `course_signs` VALUES (616, 7, 308, '700', '2018-05-19 01:26:29', '2018-05-19 01:26:29', 0);
INSERT INTO `course_signs` VALUES (617, 7, 170, '700', '2018-05-19 01:26:36', '2018-05-19 01:26:36', 0);
INSERT INTO `course_signs` VALUES (618, 7, 289, '700', '2018-05-19 01:26:37', '2018-05-19 01:26:37', 0);
INSERT INTO `course_signs` VALUES (619, 7, 59, '700', '2018-05-19 01:27:38', '2018-05-19 01:27:38', 0);
INSERT INTO `course_signs` VALUES (620, 7, 288, '700', '2018-05-19 01:27:41', '2018-05-19 01:27:41', 0);
INSERT INTO `course_signs` VALUES (621, 7, 334, '700', '2018-05-19 01:27:41', '2018-05-19 01:27:41', 0);
INSERT INTO `course_signs` VALUES (622, 7, 165, '700', '2018-05-19 01:27:43', '2018-05-19 01:27:43', 0);
INSERT INTO `course_signs` VALUES (623, 7, 155, '700', '2018-05-19 01:29:25', '2018-05-19 01:29:25', 0);
INSERT INTO `course_signs` VALUES (624, 7, 153, '700', '2018-05-19 01:29:33', '2018-05-19 01:29:33', 0);
INSERT INTO `course_signs` VALUES (625, 7, 175, '700', '2018-05-19 01:29:45', '2018-05-19 01:29:45', 0);
INSERT INTO `course_signs` VALUES (626, 7, 146, '700', '2018-05-19 01:30:03', '2018-05-19 01:30:03', 0);
INSERT INTO `course_signs` VALUES (627, 7, 158, '700', '2018-05-19 01:30:07', '2018-05-19 01:30:07', 0);
INSERT INTO `course_signs` VALUES (628, 7, 126, '700', '2018-05-19 01:31:24', '2018-05-19 01:31:24', 0);
INSERT INTO `course_signs` VALUES (629, 7, 208, '700', '2018-05-19 01:31:34', '2018-05-19 01:31:34', 0);
INSERT INTO `course_signs` VALUES (630, 7, 203, '700', '2018-05-19 01:31:44', '2018-05-19 01:31:44', 0);
INSERT INTO `course_signs` VALUES (631, 7, 147, '700', '2018-05-19 01:33:02', '2018-05-19 01:33:02', 0);
INSERT INTO `course_signs` VALUES (632, 7, 80, '700', '2018-05-19 01:33:47', '2018-05-19 01:33:47', 0);
INSERT INTO `course_signs` VALUES (633, 7, 95, '700', '2018-05-19 01:34:07', '2018-05-19 01:34:07', 0);
INSERT INTO `course_signs` VALUES (634, 7, 40, '700', '2018-05-19 01:35:10', '2018-05-19 01:35:10', 0);
INSERT INTO `course_signs` VALUES (635, 7, 36, '700', '2018-05-19 01:36:11', '2018-05-19 01:36:11', 0);
INSERT INTO `course_signs` VALUES (636, 7, 3, '700', '2018-05-19 01:40:32', '2018-05-19 01:40:32', 0);
INSERT INTO `course_signs` VALUES (637, 7, 83, '700', '2018-05-19 01:44:35', '2018-05-19 01:44:35', 0);
INSERT INTO `course_signs` VALUES (638, 7, 156, '700', '2018-05-19 01:44:43', '2018-05-19 01:44:43', 0);
INSERT INTO `course_signs` VALUES (639, 7, 282, '700', '2018-05-19 01:47:27', '2018-05-19 01:47:27', 0);
INSERT INTO `course_signs` VALUES (640, 7, 8, '700', '2018-05-19 01:49:55', '2018-05-19 01:49:55', 0);
INSERT INTO `course_signs` VALUES (641, 7, 25, '700', '2018-05-19 01:50:13', '2018-05-19 01:50:13', 0);
INSERT INTO `course_signs` VALUES (642, 7, 86, '700', '2018-05-19 01:50:50', '2018-05-19 01:50:50', 0);
INSERT INTO `course_signs` VALUES (643, 7, 37, '700', '2018-05-19 01:55:00', '2018-05-19 01:55:00', 0);
INSERT INTO `course_signs` VALUES (644, 7, 33, '700', '2018-05-19 01:55:02', '2018-05-19 01:55:02', 0);
INSERT INTO `course_signs` VALUES (645, 7, 159, '700', '2018-05-19 02:00:36', '2018-05-19 02:00:36', 0);
INSERT INTO `course_signs` VALUES (646, 7, 26, '700', '2018-05-19 02:01:42', '2018-05-19 02:01:42', 0);
INSERT INTO `course_signs` VALUES (647, 7, 30, '700', '2018-05-19 02:01:43', '2018-05-19 02:01:43', 0);
INSERT INTO `course_signs` VALUES (648, 7, 130, '700', '2018-05-19 02:02:13', '2018-05-19 02:02:13', 0);
INSERT INTO `course_signs` VALUES (649, 7, 122, '700', '2018-05-19 02:02:15', '2018-05-19 02:02:15', 0);
INSERT INTO `course_signs` VALUES (650, 7, 114, '700', '2018-05-19 02:40:00', '2018-05-19 02:40:00', 0);
COMMIT;

-- ----------------------------
-- Table structure for courses
-- ----------------------------
DROP TABLE IF EXISTS `courses`;
CREATE TABLE `courses` (
  `id` bigint(20) NOT NULL AUTO_INCREMENT,
  `name` varchar(255) DEFAULT NULL,
  `teather` varchar(255) DEFAULT NULL,
  `start_time` datetime DEFAULT NULL,
  `end_time` datetime DEFAULT NULL,
  `created_at` datetime NOT NULL,
  `updated_at` datetime NOT NULL,
  PRIMARY KEY (`id`)
) ENGINE=InnoDB AUTO_INCREMENT=9 DEFAULT CHARSET=utf8;

-- ----------------------------
-- Records of courses
-- ----------------------------
BEGIN;
INSERT INTO `courses` VALUES (1, '测试', '李晋', '2018-04-11 02:05:53', NULL, '2018-04-11 02:05:53', '2018-04-11 02:05:53');
INSERT INTO `courses` VALUES (2, '第一课', '李晋', '2018-04-18 02:05:53', NULL, '2018-04-11 02:05:53', '2018-04-11 02:05:53');
INSERT INTO `courses` VALUES (3, '第二课', 'toby', '2018-04-21 02:05:53', NULL, '2018-04-18 02:05:53', '2018-04-18 02:05:53');
INSERT INTO `courses` VALUES (4, '第三课', '熵', '2018-04-27 02:05:53', NULL, '2018-04-27 02:05:53', '2018-04-27 02:05:53');
INSERT INTO `courses` VALUES (5, '第四课', '李晋/于逸宸', '2018-05-05 02:05:53', NULL, '2018-05-05 02:05:53', '2018-05-05 02:05:53');
INSERT INTO `courses` VALUES (6, '第五课', '李晋/谭示崇', '2018-05-13 02:05:53', NULL, '2018-05-13 02:05:53', '2018-05-13 02:05:53');
INSERT INTO `courses` VALUES (7, '第六课', 'IBM', '2018-05-18 02:05:53', NULL, '2018-05-18 02:05:53', '2018-05-18 02:05:53');
INSERT INTO `courses` VALUES (8, '第七课', '测试', '2018-05-20 09:30:00', '2018-05-20 14:00:00', '2018-05-20 09:49:14', '2018-05-20 09:49:19');
COMMIT;

-- ----------------------------
-- Table structure for extra_nodes
-- ----------------------------
DROP TABLE IF EXISTS `extra_nodes`;
CREATE TABLE `extra_nodes` (
  `id` bigint(20) unsigned NOT NULL AUTO_INCREMENT,
  `student_id` bigint(20) DEFAULT NULL,
  `description` text,
  `nodes` int(11) DEFAULT NULL,
  `created_at` timestamp NULL DEFAULT NULL,
  `update_at` timestamp NULL DEFAULT NULL,
  `course_id` bigint(20) DEFAULT NULL,
  PRIMARY KEY (`id`),
  KEY `FK_STUDENTS_EXTRAS` (`student_id`),
  KEY `FK_COURSES_EXTRAS` (`course_id`),
  CONSTRAINT `FK_COURSES_EXTRAS` FOREIGN KEY (`course_id`) REFERENCES `courses` (`id`),
  CONSTRAINT `FK_STUDENTS_EXTRAS` FOREIGN KEY (`student_id`) REFERENCES `students` (`id`)
) ENGINE=InnoDB AUTO_INCREMENT=6 DEFAULT CHARSET=utf8;

-- ----------------------------
-- Records of extra_nodes
-- ----------------------------
BEGIN;
INSERT INTO `extra_nodes` VALUES (1, 124, '提问，分享', 350, '2018-04-21 14:00:00', '2018-04-21 14:00:00', 3);
INSERT INTO `extra_nodes` VALUES (2, 172, '提问', 300, '2018-04-21 14:00:00', '2018-04-21 14:00:00', 3);
INSERT INTO `extra_nodes` VALUES (3, 114, '干活学弟', 300, '2018-04-21 14:00:00', '2018-04-21 14:00:00', 3);
INSERT INTO `extra_nodes` VALUES (4, 129, '干活学弟', 300, '2018-04-21 14:00:00', '2018-04-21 14:00:00', 3);
INSERT INTO `extra_nodes` VALUES (5, 155, '干活学弟', 300, '2018-04-21 14:00:00', '2018-04-21 14:00:00', 3);
COMMIT;

-- ----------------------------
-- Table structure for feedbacks
-- ----------------------------
DROP TABLE IF EXISTS `feedbacks`;
CREATE TABLE `feedbacks` (
  `id` bigint(20) NOT NULL AUTO_INCREMENT,
  `student_id` bigint(20) DEFAULT NULL,
  `content` text,
  `nodes` int(11) DEFAULT NULL,
  `stars` int(11) DEFAULT NULL,
  `created_at` datetime NOT NULL,
  `updated_at` datetime NOT NULL,
  PRIMARY KEY (`id`),
  KEY `index_feedbacks_on_student_id` (`student_id`)
) ENGINE=InnoDB AUTO_INCREMENT=13 DEFAULT CHARSET=utf8;

-- ----------------------------
-- Records of feedbacks
-- ----------------------------
BEGIN;
INSERT INTO `feedbacks` VALUES (1, 138, '课程很棒', NULL, 5, '2018-05-05 03:02:42', '2018-05-05 03:02:42');
INSERT INTO `feedbacks` VALUES (2, 138, '课程很棒', NULL, 5, '2018-05-05 03:02:47', '2018-05-05 03:02:47');
INSERT INTO `feedbacks` VALUES (3, 138, '啦啦啦啦啦', NULL, 5, '2018-05-05 03:11:36', '2018-05-05 03:11:36');
INSERT INTO `feedbacks` VALUES (4, 1, '很好', NULL, 5, '2018-05-19 12:57:40', '2018-05-19 12:57:40');
INSERT INTO `feedbacks` VALUES (5, 1, '很好', NULL, 5, '2018-05-19 13:00:56', '2018-05-19 13:00:56');
INSERT INTO `feedbacks` VALUES (6, 1, '很好', NULL, 5, '2018-05-19 13:02:12', '2018-05-19 13:02:12');
INSERT INTO `feedbacks` VALUES (7, 1, '很好', NULL, 5, '2018-05-19 13:03:00', '2018-05-19 13:03:00');
INSERT INTO `feedbacks` VALUES (8, 1, '很好', NULL, 5, '2018-05-19 13:04:45', '2018-05-19 13:04:45');
INSERT INTO `feedbacks` VALUES (9, 1, '不错', NULL, 5, '2018-05-19 13:04:50', '2018-05-19 13:04:50');
INSERT INTO `feedbacks` VALUES (10, 1, '不错', NULL, 5, '2018-05-19 13:19:31', '2018-05-19 13:19:31');
INSERT INTO `feedbacks` VALUES (11, 1, '不错', NULL, 5, '2018-05-19 21:27:00', '2018-05-19 21:27:00');
INSERT INTO `feedbacks` VALUES (12, 1, '不错', NULL, 3, '2018-05-19 22:40:35', '2018-05-19 22:40:35');
COMMIT;

-- ----------------------------
-- Table structure for giveaways
-- ----------------------------
DROP TABLE IF EXISTS `giveaways`;
CREATE TABLE `giveaways` (
  `id` bigint(20) NOT NULL AUTO_INCREMENT,
  `course_id` bigint(20) DEFAULT NULL,
  `student_id` bigint(20) DEFAULT NULL,
  `nodes` int(11) DEFAULT NULL,
  `created_at` datetime NOT NULL,
  `updated_at` datetime NOT NULL,
  `is_sent` tinyint(1) DEFAULT '0',
  PRIMARY KEY (`id`),
  KEY `index_giveaways_on_course_id` (`course_id`),
  KEY `index_giveaways_on_student_id` (`student_id`)
) ENGINE=InnoDB AUTO_INCREMENT=205 DEFAULT CHARSET=utf8;

-- ----------------------------
-- Records of giveaways
-- ----------------------------
BEGIN;
INSERT INTO `giveaways` VALUES (1, 3, 2, 80, '2018-04-25 08:53:18', '2018-04-25 08:53:18', 1);
INSERT INTO `giveaways` VALUES (2, 3, 135, 160, '2018-04-25 08:54:50', '2018-04-25 08:54:50', 1);
INSERT INTO `giveaways` VALUES (3, 3, 138, 190, '2018-04-25 09:44:05', '2018-04-25 09:44:05', 1);
INSERT INTO `giveaways` VALUES (4, 3, 139, 90, '2018-04-27 03:43:36', '2018-04-27 03:43:36', 1);
INSERT INTO `giveaways` VALUES (5, 3, 141, 120, '2018-04-27 05:49:52', '2018-04-27 05:49:52', 1);
INSERT INTO `giveaways` VALUES (6, 4, 299, 50, '2018-04-27 12:10:38', '2018-04-28 12:43:32', 1);
INSERT INTO `giveaways` VALUES (7, 4, 26, 180, '2018-04-27 12:10:39', '2018-04-28 12:35:59', 1);
INSERT INTO `giveaways` VALUES (8, 4, 153, 150, '2018-04-27 12:10:48', '2018-04-28 12:40:50', 1);
INSERT INTO `giveaways` VALUES (9, 4, 184, 80, '2018-04-27 12:10:51', '2018-04-28 12:42:03', 1);
INSERT INTO `giveaways` VALUES (10, 4, 30, 80, '2018-04-27 12:10:52', '2018-04-28 12:36:04', 1);
INSERT INTO `giveaways` VALUES (11, 4, 24, 190, '2018-04-27 12:10:53', '2018-04-28 12:35:48', 1);
INSERT INTO `giveaways` VALUES (12, 4, 79, 170, '2018-04-27 12:10:57', '2018-04-28 12:38:09', 1);
INSERT INTO `giveaways` VALUES (13, 4, 15, 90, '2018-04-27 12:10:57', '2018-04-28 12:35:33', 1);
INSERT INTO `giveaways` VALUES (14, 4, 59, 180, '2018-04-27 12:10:59', '2018-04-28 12:37:07', 1);
INSERT INTO `giveaways` VALUES (15, 4, 11, 140, '2018-04-27 12:10:59', '2018-04-28 12:35:28', 1);
INSERT INTO `giveaways` VALUES (16, 4, 172, 50, '2018-04-27 12:10:59', '2018-04-28 12:41:43', 1);
INSERT INTO `giveaways` VALUES (17, 4, 193, 100, '2018-04-27 12:10:59', '2018-04-28 12:42:14', 1);
INSERT INTO `giveaways` VALUES (18, 4, 73, 110, '2018-04-27 12:11:01', '2018-04-28 12:37:48', 1);
INSERT INTO `giveaways` VALUES (19, 4, 123, 70, '2018-04-27 12:11:02', '2018-04-28 12:39:53', 1);
INSERT INTO `giveaways` VALUES (20, 4, 287, 200, '2018-04-27 12:11:03', '2018-04-28 12:43:11', 1);
INSERT INTO `giveaways` VALUES (21, 4, 171, 90, '2018-04-27 12:11:04', '2018-04-28 12:41:37', 1);
INSERT INTO `giveaways` VALUES (22, 4, 288, 120, '2018-04-27 12:11:05', '2018-04-28 12:43:16', 1);
INSERT INTO `giveaways` VALUES (23, 4, 9, 10, '2018-04-27 12:11:06', '2018-04-28 12:35:22', 1);
INSERT INTO `giveaways` VALUES (24, 4, 87, 170, '2018-04-27 12:11:07', '2018-04-28 12:38:46', 1);
INSERT INTO `giveaways` VALUES (25, 4, 33, 70, '2018-04-27 12:11:09', '2018-04-28 12:36:20', 1);
INSERT INTO `giveaways` VALUES (26, 4, 147, 180, '2018-04-27 12:11:09', '2018-04-28 12:40:40', 1);
INSERT INTO `giveaways` VALUES (27, 4, 208, 40, '2018-04-27 12:11:10', '2018-04-28 12:42:45', 1);
INSERT INTO `giveaways` VALUES (28, 4, 34, 60, '2018-04-27 12:11:11', '2018-04-28 12:36:25', 1);
INSERT INTO `giveaways` VALUES (29, 4, 131, 170, '2018-04-27 12:11:14', '2018-04-28 12:40:19', 1);
INSERT INTO `giveaways` VALUES (30, 4, 197, 170, '2018-04-27 12:11:15', '2018-04-28 12:42:19', 1);
INSERT INTO `giveaways` VALUES (31, 4, 64, 30, '2018-04-27 12:11:15', '2018-04-28 12:37:17', 1);
INSERT INTO `giveaways` VALUES (32, 4, 203, 50, '2018-04-27 12:11:16', '2018-04-28 12:42:40', 1);
INSERT INTO `giveaways` VALUES (33, 4, 47, 150, '2018-04-27 12:11:16', '2018-04-28 12:36:56', 1);
INSERT INTO `giveaways` VALUES (34, 4, 25, 20, '2018-04-27 12:11:16', '2018-04-28 12:35:54', 1);
INSERT INTO `giveaways` VALUES (35, 4, 37, 110, '2018-04-27 12:11:18', '2018-04-28 12:36:35', 1);
INSERT INTO `giveaways` VALUES (36, 4, 156, 130, '2018-04-27 12:11:20', '2018-04-28 12:41:06', 1);
INSERT INTO `giveaways` VALUES (37, 4, 303, 40, '2018-04-27 12:11:21', '2018-04-28 12:43:42', 1);
INSERT INTO `giveaways` VALUES (38, 4, 285, 140, '2018-04-27 12:11:26', '2018-04-28 12:43:06', 1);
INSERT INTO `giveaways` VALUES (39, 4, 86, 110, '2018-04-27 12:11:30', '2018-04-28 12:38:40', 1);
INSERT INTO `giveaways` VALUES (40, 4, 5, 30, '2018-04-27 12:11:32', '2018-04-28 12:35:17', 1);
INSERT INTO `giveaways` VALUES (41, 4, 170, 180, '2018-04-27 12:11:32', '2018-04-28 12:41:32', 1);
INSERT INTO `giveaways` VALUES (42, 4, 89, 10, '2018-04-27 12:11:33', '2018-04-28 12:38:56', 1);
INSERT INTO `giveaways` VALUES (43, 4, 83, 60, '2018-04-27 12:11:38', '2018-04-28 12:38:30', 1);
INSERT INTO `giveaways` VALUES (44, 4, 306, 30, '2018-04-27 12:11:41', '2018-04-28 12:43:53', 1);
INSERT INTO `giveaways` VALUES (45, 4, 125, 160, '2018-04-27 12:11:43', '2018-04-28 12:40:04', 1);
INSERT INTO `giveaways` VALUES (46, 4, 165, 190, '2018-04-27 12:11:44', '2018-04-28 12:41:22', 1);
INSERT INTO `giveaways` VALUES (47, 4, 81, 50, '2018-04-27 12:11:49', '2018-04-28 12:38:19', 1);
INSERT INTO `giveaways` VALUES (48, 4, 94, 180, '2018-04-27 12:11:49', '2018-04-28 12:39:12', 1);
INSERT INTO `giveaways` VALUES (49, 4, 65, 110, '2018-04-27 12:11:54', '2018-04-28 12:37:22', 1);
INSERT INTO `giveaways` VALUES (50, 4, 60, 100, '2018-04-27 12:11:59', '2018-04-28 12:37:12', 1);
INSERT INTO `giveaways` VALUES (51, 4, 40, 130, '2018-04-27 12:12:07', '2018-04-28 12:36:46', 1);
INSERT INTO `giveaways` VALUES (52, 4, 22, 20, '2018-04-27 12:12:14', '2018-04-28 12:35:43', 1);
INSERT INTO `giveaways` VALUES (53, 4, 84, 130, '2018-04-27 12:12:16', '2018-04-28 12:38:35', 1);
INSERT INTO `giveaways` VALUES (54, 4, 126, 190, '2018-04-27 12:12:26', '2018-04-28 12:40:09', 1);
INSERT INTO `giveaways` VALUES (55, 4, 69, 100, '2018-04-27 12:12:33', '2018-04-28 12:37:33', 1);
INSERT INTO `giveaways` VALUES (56, 4, 134, 200, '2018-04-27 12:12:40', '2018-04-28 12:40:30', 1);
INSERT INTO `giveaways` VALUES (57, 4, 182, 150, '2018-04-27 12:12:43', '2018-04-28 12:41:53', 1);
INSERT INTO `giveaways` VALUES (58, 4, 67, 20, '2018-04-27 12:12:44', '2018-04-28 12:37:27', 1);
INSERT INTO `giveaways` VALUES (59, 4, 129, 60, '2018-04-27 12:12:44', '2018-04-28 12:40:14', 1);
INSERT INTO `giveaways` VALUES (60, 4, 308, 80, '2018-04-27 12:12:46', '2018-04-28 12:44:03', 1);
INSERT INTO `giveaways` VALUES (61, 4, 159, 180, '2018-04-27 12:12:46', '2018-04-28 12:41:16', 1);
INSERT INTO `giveaways` VALUES (62, 4, 19, 10, '2018-04-27 12:12:47', '2018-04-28 12:35:38', 1);
INSERT INTO `giveaways` VALUES (63, 4, 70, 130, '2018-04-27 12:12:51', '2018-04-28 12:37:38', 1);
INSERT INTO `giveaways` VALUES (64, 4, 71, 20, '2018-04-27 12:12:51', '2018-04-28 12:37:43', 1);
INSERT INTO `giveaways` VALUES (65, 4, 103, 90, '2018-04-27 12:12:53', '2018-04-28 12:39:22', 1);
INSERT INTO `giveaways` VALUES (66, 4, 39, 20, '2018-04-27 12:12:53', '2018-04-28 12:36:41', 1);
INSERT INTO `giveaways` VALUES (67, 4, 155, 130, '2018-04-27 12:12:53', '2018-04-28 12:41:01', 1);
INSERT INTO `giveaways` VALUES (68, 4, 146, 30, '2018-04-27 12:12:54', '2018-04-28 12:40:35', 1);
INSERT INTO `giveaways` VALUES (69, 4, 124, 100, '2018-04-27 12:12:56', '2018-04-28 12:39:58', 1);
INSERT INTO `giveaways` VALUES (70, 4, 175, 30, '2018-04-27 12:12:56', '2018-04-28 12:41:48', 1);
INSERT INTO `giveaways` VALUES (71, 4, 104, 10, '2018-04-27 12:13:01', '2018-04-28 12:39:27', 1);
INSERT INTO `giveaways` VALUES (72, 4, 109, 90, '2018-04-27 12:13:15', '2018-04-28 12:39:38', 1);
INSERT INTO `giveaways` VALUES (73, 4, 307, 20, '2018-04-27 12:13:19', '2018-04-28 12:43:58', 1);
INSERT INTO `giveaways` VALUES (74, 4, 292, 140, '2018-04-27 12:13:22', '2018-04-28 12:43:27', 1);
INSERT INTO `giveaways` VALUES (75, 4, 106, 160, '2018-04-27 12:13:29', '2018-04-28 12:39:32', 1);
INSERT INTO `giveaways` VALUES (76, 4, 283, 60, '2018-04-27 12:13:32', '2018-04-28 12:42:55', 1);
INSERT INTO `giveaways` VALUES (77, 4, 3, 50, '2018-04-27 12:13:35', '2018-04-28 12:35:12', 1);
INSERT INTO `giveaways` VALUES (78, 4, 284, 100, '2018-04-27 12:13:35', '2018-04-28 12:43:01', 1);
INSERT INTO `giveaways` VALUES (79, 4, 117, 60, '2018-04-27 12:13:47', '2018-04-28 12:39:48', 1);
INSERT INTO `giveaways` VALUES (80, 4, 91, 190, '2018-04-27 12:14:01', '2018-04-28 12:39:06', 1);
INSERT INTO `giveaways` VALUES (81, 4, 114, 190, '2018-04-27 12:14:15', '2018-04-28 12:39:43', 1);
INSERT INTO `giveaways` VALUES (82, 4, 201, 140, '2018-04-27 12:14:25', '2018-04-28 12:42:35', 1);
INSERT INTO `giveaways` VALUES (83, 4, 32, 20, '2018-04-27 12:14:30', '2018-04-28 12:36:15', 1);
INSERT INTO `giveaways` VALUES (84, 4, 76, 20, '2018-04-27 12:14:34', '2018-04-28 12:37:59', 1);
INSERT INTO `giveaways` VALUES (85, 4, 74, 190, '2018-04-27 12:15:19', '2018-04-28 12:37:53', 1);
INSERT INTO `giveaways` VALUES (86, 4, 158, 110, '2018-04-27 12:17:15', '2018-04-28 12:41:11', 1);
INSERT INTO `giveaways` VALUES (87, 4, 148, 10, '2018-04-27 12:17:59', '2018-04-28 12:40:45', 1);
INSERT INTO `giveaways` VALUES (88, 4, 289, 90, '2018-04-27 12:19:57', '2018-04-28 12:43:21', 1);
INSERT INTO `giveaways` VALUES (89, 4, 304, 10, '2018-04-27 12:20:22', '2018-04-28 12:43:47', 1);
INSERT INTO `giveaways` VALUES (90, 4, 132, 50, '2018-04-27 12:21:11', '2018-04-28 12:40:24', 1);
INSERT INTO `giveaways` VALUES (91, 4, 43, 150, '2018-04-27 12:22:01', '2018-04-28 12:36:51', 1);
INSERT INTO `giveaways` VALUES (92, 4, 154, 10, '2018-04-27 12:22:52', '2018-04-28 12:40:56', 1);
INSERT INTO `giveaways` VALUES (93, 4, 31, 30, '2018-04-27 12:25:05', '2018-04-28 12:36:09', 1);
INSERT INTO `giveaways` VALUES (94, 4, 199, 150, '2018-04-27 12:32:47', '2018-04-28 12:42:24', 1);
INSERT INTO `giveaways` VALUES (95, 4, 213, 200, '2018-04-27 12:52:42', '2018-04-28 12:42:50', 1);
INSERT INTO `giveaways` VALUES (96, 4, 36, 130, '2018-04-27 12:57:21', '2018-04-28 12:36:30', 1);
INSERT INTO `giveaways` VALUES (97, 4, 77, 60, '2018-04-27 13:18:12', '2018-04-28 12:38:04', 1);
INSERT INTO `giveaways` VALUES (98, 4, 50, 190, '2018-04-27 13:31:18', '2018-04-28 12:37:01', 1);
INSERT INTO `giveaways` VALUES (99, 4, 88, 20, '2018-04-27 13:53:02', '2018-04-28 12:38:51', 1);
INSERT INTO `giveaways` VALUES (100, 4, 82, 60, '2018-04-27 14:55:30', '2018-04-28 12:38:25', 1);
INSERT INTO `giveaways` VALUES (101, 5, 2, 10, '2018-05-05 02:30:30', '2018-05-05 12:38:34', 1);
INSERT INTO `giveaways` VALUES (102, 5, 67, 120, '2018-05-05 05:18:03', '2018-05-05 12:40:39', 1);
INSERT INTO `giveaways` VALUES (103, 5, 38, 40, '2018-05-05 06:12:08', '2018-05-05 12:39:46', 1);
INSERT INTO `giveaways` VALUES (104, 5, 59, 110, '2018-05-05 06:13:08', '2018-05-05 12:40:23', 1);
INSERT INTO `giveaways` VALUES (105, 5, 55, 150, '2018-05-05 07:58:23', '2018-05-05 12:40:18', 1);
INSERT INTO `giveaways` VALUES (106, 5, 50, 40, '2018-05-05 07:58:44', '2018-05-05 12:40:13', 1);
INSERT INTO `giveaways` VALUES (107, 5, 317, 130, '2018-05-05 07:58:47', '2018-05-05 12:47:56', 1);
INSERT INTO `giveaways` VALUES (108, 5, 149, 90, '2018-05-05 08:01:54', '2018-05-05 12:44:17', 1);
INSERT INTO `giveaways` VALUES (109, 5, 88, 180, '2018-05-05 08:02:18', '2018-05-05 12:41:57', 1);
INSERT INTO `giveaways` VALUES (110, 5, 69, 110, '2018-05-05 08:05:26', '2018-05-05 12:40:44', 1);
INSERT INTO `giveaways` VALUES (111, 5, 73, 140, '2018-05-05 08:06:43', '2018-05-05 12:40:59', 1);
INSERT INTO `giveaways` VALUES (112, 5, 292, 80, '2018-05-05 08:07:06', '2018-05-05 12:46:48', 1);
INSERT INTO `giveaways` VALUES (113, 5, 26, 90, '2018-05-05 08:07:37', '2018-05-05 12:39:15', 1);
INSERT INTO `giveaways` VALUES (114, 5, 213, 140, '2018-05-05 08:08:20', '2018-05-05 12:46:22', 1);
INSERT INTO `giveaways` VALUES (115, 5, 175, 100, '2018-05-05 08:08:22', '2018-05-05 12:45:30', 1);
INSERT INTO `giveaways` VALUES (116, 5, 131, 50, '2018-05-05 08:08:22', '2018-05-05 12:43:30', 1);
INSERT INTO `giveaways` VALUES (117, 5, 208, 80, '2018-05-05 08:08:25', '2018-05-05 12:46:17', 1);
INSERT INTO `giveaways` VALUES (118, 5, 129, 150, '2018-05-05 08:08:26', '2018-05-05 12:43:25', 1);
INSERT INTO `giveaways` VALUES (119, 5, 312, 150, '2018-05-05 08:08:26', '2018-05-05 12:47:45', 1);
INSERT INTO `giveaways` VALUES (120, 5, 70, 110, '2018-05-05 08:08:27', '2018-05-05 12:40:49', 1);
INSERT INTO `giveaways` VALUES (121, 5, 106, 200, '2018-05-05 08:08:27', '2018-05-05 12:42:33', 1);
INSERT INTO `giveaways` VALUES (122, 5, 329, 160, '2018-05-05 08:08:28', '2018-05-05 12:48:12', 1);
INSERT INTO `giveaways` VALUES (123, 5, 15, 120, '2018-05-05 08:08:28', '2018-05-05 12:39:05', 1);
INSERT INTO `giveaways` VALUES (124, 5, 64, 200, '2018-05-05 08:08:28', '2018-05-05 12:40:33', 1);
INSERT INTO `giveaways` VALUES (125, 5, 117, 120, '2018-05-05 08:08:28', '2018-05-05 12:42:54', 1);
INSERT INTO `giveaways` VALUES (126, 5, 13, 190, '2018-05-05 08:08:28', '2018-05-05 12:39:00', 1);
INSERT INTO `giveaways` VALUES (127, 5, 156, 90, '2018-05-05 08:08:28', '2018-05-05 12:44:33', 1);
INSERT INTO `giveaways` VALUES (128, 5, 114, 30, '2018-05-05 08:08:29', '2018-05-05 12:42:49', 1);
INSERT INTO `giveaways` VALUES (129, 5, 24, 100, '2018-05-05 08:08:29', '2018-05-05 12:39:10', 1);
INSERT INTO `giveaways` VALUES (130, 5, 158, 60, '2018-05-05 08:08:29', '2018-05-05 12:44:38', 1);
INSERT INTO `giveaways` VALUES (131, 5, 77, 80, '2018-05-05 08:08:30', '2018-05-05 12:41:15', 1);
INSERT INTO `giveaways` VALUES (132, 5, 79, 100, '2018-05-05 08:08:30', '2018-05-05 12:41:20', 1);
INSERT INTO `giveaways` VALUES (133, 5, 193, 200, '2018-05-05 08:08:30', '2018-05-05 12:46:01', 1);
INSERT INTO `giveaways` VALUES (134, 5, 287, 60, '2018-05-05 08:08:31', '2018-05-05 12:46:33', 1);
INSERT INTO `giveaways` VALUES (135, 5, 84, 50, '2018-05-05 08:08:31', '2018-05-05 12:41:41', 1);
INSERT INTO `giveaways` VALUES (136, 5, 32, 150, '2018-05-05 08:08:31', '2018-05-05 12:39:31', 1);
INSERT INTO `giveaways` VALUES (137, 5, 147, 100, '2018-05-05 08:08:31', '2018-05-05 12:44:07', 1);
INSERT INTO `giveaways` VALUES (138, 5, 309, 20, '2018-05-05 08:08:31', '2018-05-05 12:47:40', 1);
INSERT INTO `giveaways` VALUES (139, 5, 160, 150, '2018-05-05 08:08:32', '2018-05-05 12:44:43', 1);
INSERT INTO `giveaways` VALUES (140, 5, 182, 100, '2018-05-05 08:08:32', '2018-05-05 12:45:35', 1);
INSERT INTO `giveaways` VALUES (141, 5, 47, 160, '2018-05-05 08:08:33', '2018-05-05 12:40:02', 1);
INSERT INTO `giveaways` VALUES (142, 5, 144, 70, '2018-05-05 08:08:35', '2018-05-05 12:43:51', 1);
INSERT INTO `giveaways` VALUES (143, 5, 299, 10, '2018-05-05 08:08:35', '2018-05-05 12:46:59', 1);
INSERT INTO `giveaways` VALUES (144, 5, 109, 190, '2018-05-05 08:08:35', '2018-05-05 12:42:38', 1);
INSERT INTO `giveaways` VALUES (145, 5, 162, 60, '2018-05-05 08:08:35', '2018-05-05 12:44:48', 1);
INSERT INTO `giveaways` VALUES (146, 5, 103, 190, '2018-05-05 08:08:35', '2018-05-05 12:42:28', 1);
INSERT INTO `giveaways` VALUES (147, 5, 155, 140, '2018-05-05 08:08:36', '2018-05-05 12:44:28', 1);
INSERT INTO `giveaways` VALUES (148, 5, 112, 50, '2018-05-05 08:08:36', '2018-05-05 12:42:43', 1);
INSERT INTO `giveaways` VALUES (149, 5, 11, 90, '2018-05-05 08:08:36', '2018-05-05 12:38:54', 1);
INSERT INTO `giveaways` VALUES (150, 5, 124, 150, '2018-05-05 08:08:37', '2018-05-05 12:43:10', 1);
INSERT INTO `giveaways` VALUES (151, 5, 145, 110, '2018-05-05 08:08:37', '2018-05-05 12:43:56', 1);
INSERT INTO `giveaways` VALUES (152, 5, 37, 40, '2018-05-05 08:08:37', '2018-05-05 12:39:41', 1);
INSERT INTO `giveaways` VALUES (153, 5, 303, 140, '2018-05-05 08:08:37', '2018-05-05 12:47:14', 1);
INSERT INTO `giveaways` VALUES (154, 5, 302, 170, '2018-05-05 08:08:38', '2018-05-05 12:47:09', 1);
INSERT INTO `giveaways` VALUES (155, 5, 33, 190, '2018-05-05 08:08:38', '2018-05-05 12:39:36', 1);
INSERT INTO `giveaways` VALUES (156, 5, 132, 120, '2018-05-05 08:08:38', '2018-05-05 12:43:36', 1);
INSERT INTO `giveaways` VALUES (157, 5, 95, 190, '2018-05-05 08:08:38', '2018-05-05 12:42:07', 1);
INSERT INTO `giveaways` VALUES (158, 5, 74, 130, '2018-05-05 08:08:38', '2018-05-05 12:41:05', 1);
INSERT INTO `giveaways` VALUES (159, 5, 123, 20, '2018-05-05 08:08:38', '2018-05-05 12:43:04', 1);
INSERT INTO `giveaways` VALUES (160, 5, 191, 30, '2018-05-05 08:08:39', '2018-05-05 12:45:56', 1);
INSERT INTO `giveaways` VALUES (161, 5, 60, 130, '2018-05-05 08:08:39', '2018-05-05 12:40:28', 1);
INSERT INTO `giveaways` VALUES (162, 5, 29, 100, '2018-05-05 08:08:39', '2018-05-05 12:39:26', 1);
INSERT INTO `giveaways` VALUES (163, 5, 286, 20, '2018-05-05 08:08:41', '2018-05-05 12:46:27', 1);
INSERT INTO `giveaways` VALUES (164, 5, 301, 180, '2018-05-05 08:08:41', '2018-05-05 12:47:04', 1);
INSERT INTO `giveaways` VALUES (165, 5, 172, 90, '2018-05-05 08:08:42', '2018-05-05 12:45:25', 1);
INSERT INTO `giveaways` VALUES (166, 5, 184, 80, '2018-05-05 08:08:42', '2018-05-05 12:45:46', 1);
INSERT INTO `giveaways` VALUES (167, 5, 164, 30, '2018-05-05 08:08:44', '2018-05-05 12:44:54', 1);
INSERT INTO `giveaways` VALUES (168, 5, 126, 100, '2018-05-05 08:08:44', '2018-05-05 12:43:20', 1);
INSERT INTO `giveaways` VALUES (169, 5, 306, 70, '2018-05-05 08:08:45', '2018-05-05 12:47:25', 1);
INSERT INTO `giveaways` VALUES (170, 5, 99, 50, '2018-05-05 08:08:45', '2018-05-05 12:42:12', 1);
INSERT INTO `giveaways` VALUES (171, 5, 125, 30, '2018-05-05 08:08:45', '2018-05-05 12:43:15', 1);
INSERT INTO `giveaways` VALUES (172, 5, 153, 180, '2018-05-05 08:08:46', '2018-05-05 12:44:22', 1);
INSERT INTO `giveaways` VALUES (173, 5, 81, 170, '2018-05-05 08:08:47', '2018-05-05 12:41:31', 1);
INSERT INTO `giveaways` VALUES (174, 5, 80, 150, '2018-05-05 08:08:49', '2018-05-05 12:41:25', 1);
INSERT INTO `giveaways` VALUES (175, 5, 86, 50, '2018-05-05 08:08:49', '2018-05-05 12:41:46', 1);
INSERT INTO `giveaways` VALUES (176, 5, 295, 160, '2018-05-05 08:08:49', '2018-05-05 12:46:53', 1);
INSERT INTO `giveaways` VALUES (177, 5, 5, 200, '2018-05-05 08:09:00', '2018-05-05 12:38:44', 1);
INSERT INTO `giveaways` VALUES (178, 5, 170, 200, '2018-05-05 08:09:01', '2018-05-05 12:45:14', 1);
INSERT INTO `giveaways` VALUES (179, 5, 146, 200, '2018-05-05 08:09:06', '2018-05-05 12:44:02', 1);
INSERT INTO `giveaways` VALUES (180, 5, 308, 90, '2018-05-05 08:09:10', '2018-05-05 12:47:35', 1);
INSERT INTO `giveaways` VALUES (181, 5, 83, 200, '2018-05-05 08:09:18', '2018-05-05 12:41:36', 1);
INSERT INTO `giveaways` VALUES (182, 5, 27, 90, '2018-05-05 08:09:22', '2018-05-05 12:39:20', 1);
INSERT INTO `giveaways` VALUES (183, 5, 319, 100, '2018-05-05 08:09:36', '2018-05-05 12:48:01', 1);
INSERT INTO `giveaways` VALUES (184, 5, 304, 80, '2018-05-05 08:28:50', '2018-05-05 12:47:19', 1);
INSERT INTO `giveaways` VALUES (185, 5, 307, 120, '2018-05-05 08:29:19', '2018-05-05 12:47:30', 1);
INSERT INTO `giveaways` VALUES (186, 5, 289, 120, '2018-05-05 09:14:39', '2018-05-05 12:46:43', 1);
INSERT INTO `giveaways` VALUES (187, 5, 87, 30, '2018-05-05 13:11:46', '2018-05-05 13:11:46', 0);
INSERT INTO `giveaways` VALUES (188, 5, 76, 200, '2018-05-07 02:47:16', '2018-05-07 02:47:16', 0);
INSERT INTO `giveaways` VALUES (189, 6, 2, 30, '2018-05-12 03:43:48', '2018-05-14 02:17:54', 1);
INSERT INTO `giveaways` VALUES (190, 6, 73, 60, '2018-05-12 05:18:38', '2018-05-14 02:19:49', 1);
INSERT INTO `giveaways` VALUES (191, 6, 59, 40, '2018-05-12 07:25:50', '2018-05-14 02:19:23', 1);
INSERT INTO `giveaways` VALUES (192, 6, 288, 110, '2018-05-12 07:26:04', '2018-05-14 02:22:57', 1);
INSERT INTO `giveaways` VALUES (193, 6, 76, 110, '2018-05-12 07:46:43', '2018-05-14 02:19:59', 1);
INSERT INTO `giveaways` VALUES (194, 6, 67, 160, '2018-05-12 08:11:55', '2018-05-14 02:19:33', 1);
INSERT INTO `giveaways` VALUES (195, 6, 131, 130, '2018-05-14 10:54:37', '2018-05-14 10:54:37', 0);
INSERT INTO `giveaways` VALUES (196, 6, 332, 10, '2018-05-17 14:55:54', '2018-05-17 14:55:54', 0);
INSERT INTO `giveaways` VALUES (197, 6, 27, 40, '2018-05-18 10:21:16', '2018-05-18 10:21:16', 0);
INSERT INTO `giveaways` VALUES (198, 7, 81, 110, '2018-05-19 02:02:52', '2018-05-19 02:02:52', 0);
INSERT INTO `giveaways` VALUES (199, 7, 38, 60, '2018-05-19 02:03:02', '2018-05-19 02:03:02', 0);
INSERT INTO `giveaways` VALUES (200, 7, 47, 50, '2018-05-19 02:03:02', '2018-05-19 02:03:02', 0);
INSERT INTO `giveaways` VALUES (201, 7, 102, 110, '2018-05-19 02:12:25', '2018-05-19 02:12:25', 0);
INSERT INTO `giveaways` VALUES (202, 7, 332, 170, '2018-05-19 02:53:38', '2018-05-19 02:53:38', 0);
INSERT INTO `giveaways` VALUES (203, 7, 132, 10, '2018-05-19 03:53:00', '2018-05-19 03:53:00', 0);
INSERT INTO `giveaways` VALUES (204, 8, 1, 99, '2018-05-20 13:11:37', '2018-05-20 13:11:37', 1);
COMMIT;

-- ----------------------------
-- Table structure for node_rank
-- ----------------------------
DROP TABLE IF EXISTS `node_rank`;
CREATE TABLE `node_rank` (
  `id` int(11) NOT NULL,
  `student_id` int(11) NOT NULL,
  `total` double NOT NULL,
  `created_at` datetime NOT NULL,
  `updated_at` datetime NOT NULL ON UPDATE CURRENT_TIMESTAMP,
  PRIMARY KEY (`id`),
  UNIQUE KEY `student_id` (`student_id`),
  KEY `total` (`total`)
) ENGINE=InnoDB DEFAULT CHARSET=utf8;

-- ----------------------------
-- Records of node_rank
-- ----------------------------
BEGIN;
INSERT INTO `node_rank` VALUES (1, 2, 10, '2018-05-31 02:35:44', '2018-05-31 02:35:49');
INSERT INTO `node_rank` VALUES (2, 3, 100, '2018-05-31 02:36:07', '2018-05-31 02:36:11');
INSERT INTO `node_rank` VALUES (3, 5, 120, '2018-05-31 02:36:58', '2018-05-31 02:37:02');
COMMIT;

-- ----------------------------
-- Table structure for schema_migrations
-- ----------------------------
DROP TABLE IF EXISTS `schema_migrations`;
CREATE TABLE `schema_migrations` (
  `version` varchar(255) NOT NULL,
  PRIMARY KEY (`version`)
) ENGINE=InnoDB DEFAULT CHARSET=utf8;

-- ----------------------------
-- Table structure for students
-- ----------------------------
DROP TABLE IF EXISTS `students`;
CREATE TABLE `students` (
  `id` bigint(20) NOT NULL AUTO_INCREMENT,
  `name` varchar(255) DEFAULT NULL,
  `phone` varchar(255) DEFAULT NULL,
  `wallet_address` varchar(255) DEFAULT NULL,
  `openid` varchar(50) DEFAULT NULL COMMENT '微信用户id',
  `nickname` varchar(255) DEFAULT NULL COMMENT '微信用户昵称',
  `profile` varchar(255) DEFAULT NULL COMMENT '头像URL',
  `comments` varchar(255) DEFAULT NULL COMMENT '备注，可以存放其他信息',
  `created_at` datetime NOT NULL,
  `updated_at` datetime NOT NULL,
  PRIMARY KEY (`id`),
  UNIQUE KEY `openid_key` (`openid`(10)) USING HASH
) ENGINE=InnoDB AUTO_INCREMENT=339 DEFAULT CHARSET=utf8;

-- ----------------------------
-- Records of students
-- ----------------------------
BEGIN;
INSERT INTO `students` VALUES (2, '雷力', '18629377781', 'QM8wQZrh8tcGFhnWK4YBnbpLiEghkKgBox', '123', NULL, 'url_test', NULL, '2018-04-11 02:05:53', '2018-04-11 02:05:53');
INSERT INTO `students` VALUES (3, '李宏伟', '15991691097', 'a18sdaf8dg7s8g0fg8ag', NULL, NULL, NULL, NULL, '0000-00-00 00:00:00', '2018-05-31 18:26:51');
INSERT INTO `students` VALUES (4, '马博文', '15029049216', 'QUdXxZ1RptDC3QJ4Hs622AtrA5ccZB4HQZ', NULL, NULL, NULL, NULL, '0000-00-00 00:00:00', '0000-00-00 00:00:00');
INSERT INTO `students` VALUES (5, '何瑶', '18691659270', 'QM5rwsTtS1aevNC1ogr7DdFMsWZfEfGpeL', NULL, NULL, NULL, NULL, '0000-00-00 00:00:00', '0000-00-00 00:00:00');
INSERT INTO `students` VALUES (6, '伍连', '15129073507', 'QPz3GCsGvKe4E4QPqdd1mnckMWuV5QYbwh', NULL, NULL, NULL, NULL, '0000-00-00 00:00:00', '0000-00-00 00:00:00');
INSERT INTO `students` VALUES (7, '杨锦', '15829036847', 'QZZpmg8RRZfJKgD4wAjrUpGkoZUAYsc6Vu', NULL, NULL, NULL, NULL, '0000-00-00 00:00:00', '0000-00-00 00:00:00');
INSERT INTO `students` VALUES (8, '李小牧', '15129292793', 'QbQwHZnhavsZGjzTmWBAztQRX41SKywhYU', NULL, NULL, NULL, NULL, '0000-00-00 00:00:00', '0000-00-00 00:00:00');
INSERT INTO `students` VALUES (9, '郭亮', '13772024362', 'QTi7CpQmrn5f7AzZEUA9rLopVPW7Matp81', NULL, NULL, NULL, NULL, '0000-00-00 00:00:00', '0000-00-00 00:00:00');
INSERT INTO `students` VALUES (10, '曾一波', '18821622026', 'QPUYAWfih1f5XtVjbCuybXUEVARqB5BTec', NULL, NULL, NULL, NULL, '0000-00-00 00:00:00', '0000-00-00 00:00:00');
INSERT INTO `students` VALUES (11, '石寒蕾', '17795781167', 'QgUkEpqAhAbbkjpnPktAdbJWF7AkkZdbE7', NULL, NULL, NULL, NULL, '0000-00-00 00:00:00', '0000-00-00 00:00:00');
INSERT INTO `students` VALUES (12, '赖东', '13321775987', 'QNh8yZSzga2PVStQpCrHUZuKFAkqjgqGzM', NULL, NULL, NULL, NULL, '0000-00-00 00:00:00', '0000-00-00 00:00:00');
INSERT INTO `students` VALUES (13, '侯鑫睿', '18829211625', 'QTKQyhKvgM934rWyyeRcEagxBRgoPqoTEv', NULL, NULL, NULL, NULL, '0000-00-00 00:00:00', '0000-00-00 00:00:00');
INSERT INTO `students` VALUES (14, '陈含艺', '18291854185', 'QMKJmL6hymkp3GHJWCUEu4tBp57KPd7bSU', NULL, NULL, NULL, NULL, '0000-00-00 00:00:00', '0000-00-00 00:00:00');
INSERT INTO `students` VALUES (15, '张石', '15191853905', 'QSgpb2UUwu6KqfFBiRRWemgAMbv8Qtzhfz', NULL, NULL, NULL, NULL, '0000-00-00 00:00:00', '0000-00-00 00:00:00');
INSERT INTO `students` VALUES (16, '潘宇翔', '18325327902', 'QTZ31HPrRc23YX1xnWcJcrzmUGcEAhrWtz', NULL, NULL, NULL, NULL, '0000-00-00 00:00:00', '0000-00-00 00:00:00');
INSERT INTO `students` VALUES (17, '屈师培', '15137383152', 'QhvF17UzSgrUQzrvEWEToNzR57HPU9ucqB', NULL, NULL, NULL, NULL, '0000-00-00 00:00:00', '0000-00-00 00:00:00');
INSERT INTO `students` VALUES (18, '刘汗青', '15717548893', 'QMkShG7wi7FTGMqTPjoGaYvgFHJ3GAFjEJ', NULL, NULL, NULL, NULL, '0000-00-00 00:00:00', '0000-00-00 00:00:00');
INSERT INTO `students` VALUES (19, '张坤', '15291910025', 'QipoT3H471pPM419QpALoKGH8SbyxdTqE3', NULL, NULL, NULL, NULL, '0000-00-00 00:00:00', '0000-00-00 00:00:00');
INSERT INTO `students` VALUES (20, '宋雨菲', '13772190532', 'QcwR96f3bbZRAKXJnhnMgDcAir6ui4oGpu', NULL, NULL, NULL, NULL, '0000-00-00 00:00:00', '0000-00-00 00:00:00');
INSERT INTO `students` VALUES (21, '赵致远', '15529593307', 'QZbCG5NG1aM4jJG4LZxy9VyavKmjfBWEn7', NULL, NULL, NULL, NULL, '0000-00-00 00:00:00', '0000-00-00 00:00:00');
INSERT INTO `students` VALUES (22, '杨敏佳', '15094059707', 'QTa7Af81EnzHYgeENYxhLpQcqZGVFM7bka', NULL, NULL, NULL, NULL, '0000-00-00 00:00:00', '0000-00-00 00:00:00');
INSERT INTO `students` VALUES (23, '张霄', '15002910258', 'QiyWPas5h6yuNtMaa3kPSuSn9h656j9Guv', NULL, NULL, NULL, NULL, '0000-00-00 00:00:00', '0000-00-00 00:00:00');
INSERT INTO `students` VALUES (24, '郑健', '18821707276', 'QfwA4BnvfUfqxZVnoyVa5sgTGWR7V9Qz7A', NULL, NULL, NULL, NULL, '0000-00-00 00:00:00', '0000-00-00 00:00:00');
INSERT INTO `students` VALUES (25, '梁景棠', '15829086621', 'QLiuvbSqaa2PdezvFqbbgGA97K1xyTkPRG', NULL, NULL, NULL, NULL, '0000-00-00 00:00:00', '0000-00-00 00:00:00');
INSERT INTO `students` VALUES (26, '陈昇辉', '17610076207', 'QMVRUrCddBWSX6Bk8CaeJkh82snBB2jqUd', NULL, NULL, NULL, NULL, '0000-00-00 00:00:00', '0000-00-00 00:00:00');
INSERT INTO `students` VALUES (27, '杨典儒', '18991900426', 'QU6nsxqEcjHTPaDwGvx3RwGL6mA5zkLVut', NULL, NULL, NULL, NULL, '0000-00-00 00:00:00', '0000-00-00 00:00:00');
INSERT INTO `students` VALUES (28, '左子洋', '15339055659', 'QjijA1hUPhouS1fu11LuUJ88zLQh5eYP3F', NULL, NULL, NULL, NULL, '0000-00-00 00:00:00', '0000-00-00 00:00:00');
INSERT INTO `students` VALUES (29, '孔祥琪', '18710893620', 'Qe6YBMC6oXdEhaVTasYZJw1bPKS1yP3kwd', NULL, NULL, NULL, NULL, '0000-00-00 00:00:00', '0000-00-00 00:00:00');
INSERT INTO `students` VALUES (30, '赵光辉', '18700183567', 'QUVJsdNjZtUbA7gQm9pfv2KJ45NDzMNX5r', NULL, NULL, NULL, NULL, '0000-00-00 00:00:00', '0000-00-00 00:00:00');
INSERT INTO `students` VALUES (31, '段辉', '13573605166', 'QZ1oqELBhMXe7SpfktJD5XPCaDQTECu24b', NULL, NULL, NULL, NULL, '0000-00-00 00:00:00', '0000-00-00 00:00:00');
INSERT INTO `students` VALUES (32, '侯凯亮', '15693723046', 'QSFFmmd6QYGtCsfYxNQYYL32oftK82NWcv', NULL, NULL, NULL, NULL, '0000-00-00 00:00:00', '0000-00-00 00:00:00');
INSERT INTO `students` VALUES (33, '陈晋宇', '13087502047', 'QRV5FeK1YnXGxBtvy36dtLwWWqWYrGKzQd', NULL, NULL, NULL, NULL, '0000-00-00 00:00:00', '0000-00-00 00:00:00');
INSERT INTO `students` VALUES (34, '张瑞林', '15091378328', 'QcNg7eWBBr3QjPB3Le6fF1NcPTY9Xhu7hx', NULL, NULL, NULL, NULL, '0000-00-00 00:00:00', '0000-00-00 00:00:00');
INSERT INTO `students` VALUES (35, '李雪娇', '18292808541', 'Qgvds77cZjhVjiSdH44L5YWFPm4uhLurpS', NULL, NULL, NULL, NULL, '0000-00-00 00:00:00', '0000-00-00 00:00:00');
INSERT INTO `students` VALUES (36, '侯李鹏', '15291417121', 'QXGwvdPmbjNX3Eycxtu7iSoQREXXct5X85', NULL, NULL, NULL, NULL, '0000-00-00 00:00:00', '0000-00-00 00:00:00');
INSERT INTO `students` VALUES (37, '郭嵩韬', '13572829605', 'QQZCER2KFyDMCmEW6ePSodAG7oM1dQ3wL3', NULL, NULL, NULL, NULL, '0000-00-00 00:00:00', '0000-00-00 00:00:00');
INSERT INTO `students` VALUES (38, '丁鹏', '18292034797', 'QNgmLzvLgAvaTsU2oEMu97X6zRPT2WjQZy', NULL, NULL, NULL, NULL, '0000-00-00 00:00:00', '0000-00-00 00:00:00');
INSERT INTO `students` VALUES (39, '李逸明', '13592410266', 'QVkkaUWR6CwLJmiQuA2Cg4TkfpJHB22Vib', NULL, NULL, NULL, NULL, '0000-00-00 00:00:00', '0000-00-00 00:00:00');
INSERT INTO `students` VALUES (40, '焦智涛', '13891982887', 'QVXEDDDKqXo7PP4EcoVmAMuJFerqmWUZst', NULL, NULL, NULL, NULL, '0000-00-00 00:00:00', '0000-00-00 00:00:00');
INSERT INTO `students` VALUES (41, '唐彧', '13201672507', 'QgBuYYKQ7uCS5poA3ajovcEo8nRuYsJhga', NULL, NULL, NULL, NULL, '0000-00-00 00:00:00', '0000-00-00 00:00:00');
INSERT INTO `students` VALUES (42, '唐雪', '15002957133', 'QLqUB1T2t2ibRGdGx2yNvDSQGJpHRP4iGK', NULL, NULL, NULL, NULL, '0000-00-00 00:00:00', '0000-00-00 00:00:00');
INSERT INTO `students` VALUES (43, '上官二妮', '13772402205', 'QMEN4gEKu3hGuxP6pEKNaiVe9tcWxJqjib', NULL, NULL, NULL, NULL, '0000-00-00 00:00:00', '0000-00-00 00:00:00');
INSERT INTO `students` VALUES (44, '孙国雄', '13663470000', 'QW7okjqhKFJskgdLctWu1jz971NnqTpf7K', NULL, NULL, NULL, NULL, '0000-00-00 00:00:00', '0000-00-00 00:00:00');
INSERT INTO `students` VALUES (45, '刘梅娟', '15009207299', 'Qc1fQghYS2n2F6YWmrpdS7xyErMj5jUg1F', NULL, NULL, NULL, NULL, '0000-00-00 00:00:00', '0000-00-00 00:00:00');
INSERT INTO `students` VALUES (47, '马忠', '18298506317', 'QfZNUUyJud46sTp2aCKKbYBaivRcjNAuvq', NULL, NULL, NULL, NULL, '0000-00-00 00:00:00', '0000-00-00 00:00:00');
INSERT INTO `students` VALUES (48, 'maoge', '18291891490', 'QdwHtuUCHkc6cnHLgu95ghF56F1wgHFqfQ', NULL, NULL, NULL, NULL, '0000-00-00 00:00:00', '0000-00-00 00:00:00');
INSERT INTO `students` VALUES (49, '罗旗', '18892031764', 'Qc4TSbxjz8fRNLhuwaT3EnrMfgheWkC6xg', NULL, NULL, NULL, NULL, '0000-00-00 00:00:00', '0000-00-00 00:00:00');
INSERT INTO `students` VALUES (50, '刘家邑', '17791437655', 'QcJ2AGN33gRqGrJBda91EZREejySxDk6EY', NULL, NULL, NULL, NULL, '0000-00-00 00:00:00', '0000-00-00 00:00:00');
INSERT INTO `students` VALUES (52, '于宗圣', '13292696816', 'QTg6XmdS3V6MVrxk1yPVVXVxzZsKWjiEtJ', NULL, NULL, NULL, NULL, '0000-00-00 00:00:00', '0000-00-00 00:00:00');
INSERT INTO `students` VALUES (53, '黄宁', '18057155825', 'QTqQ8y849MCNdZcDdC4hG9kgm5VHgfVhqu', NULL, NULL, NULL, NULL, '0000-00-00 00:00:00', '0000-00-00 00:00:00');
INSERT INTO `students` VALUES (54, '阿吉', '18700968162', 'Qb2Te7JGFdkAYfXJgcAxPFcSVZRyy2cm41', NULL, NULL, NULL, NULL, '0000-00-00 00:00:00', '0000-00-00 00:00:00');
INSERT INTO `students` VALUES (55, '刘奇', '13669297558', 'QfR5WnMe9yrND2GhNhpXB5YtMAhGDbWaPs', NULL, NULL, NULL, NULL, '0000-00-00 00:00:00', '0000-00-00 00:00:00');
INSERT INTO `students` VALUES (56, '穆财林', '18821706316', 'QVShCWQtHPyPhXzWKGfQDJUBAxC25VBwag', NULL, NULL, NULL, NULL, '0000-00-00 00:00:00', '0000-00-00 00:00:00');
INSERT INTO `students` VALUES (57, '魏文宽', '13659239468', 'Qaywcz6CLpJedETcRFr3zSvT9NbiX5HLVS', NULL, NULL, NULL, NULL, '0000-00-00 00:00:00', '0000-00-00 00:00:00');
INSERT INTO `students` VALUES (58, '吕博辉', '18292897046', 'QfcTvc9W5xnGwJAsax3XJPzXLwcm8UD1vn', NULL, NULL, NULL, NULL, '0000-00-00 00:00:00', '0000-00-00 00:00:00');
INSERT INTO `students` VALUES (59, '李枝梅', '15091487245', 'QNSwzEEcf76ub9rvVY4SCbaGTFpd99MTj2', NULL, NULL, NULL, NULL, '0000-00-00 00:00:00', '0000-00-00 00:00:00');
INSERT INTO `students` VALUES (60, '包义兴', '15339101750', 'QVEoPjvJExnPhpR29kWYfeVKhrfBXu4qJc', NULL, NULL, NULL, NULL, '0000-00-00 00:00:00', '0000-00-00 00:00:00');
INSERT INTO `students` VALUES (61, '岐维佳', '18691802694', 'QZydtPBXoULqFXHymHTYE6YywR8qq8veSs', NULL, NULL, NULL, NULL, '0000-00-00 00:00:00', '0000-00-00 00:00:00');
INSERT INTO `students` VALUES (62, '莫秦楚', '15029072138', 'QicXtPxuxAe9zEfPiBJQdPx4P63ud66MBE', NULL, NULL, NULL, NULL, '0000-00-00 00:00:00', '0000-00-00 00:00:00');
INSERT INTO `students` VALUES (63, '李雨珅', '13572418199', 'QMDEDwDFHbcYYHCN4x4zN7bXiJNXot2bmX', NULL, NULL, NULL, NULL, '0000-00-00 00:00:00', '0000-00-00 00:00:00');
INSERT INTO `students` VALUES (64, '刘凯华', '15829272696', 'QMuo3xKbL7XNbxiCe7ueCMKfY7nkF2eDFZ', NULL, NULL, NULL, NULL, '0000-00-00 00:00:00', '0000-00-00 00:00:00');
INSERT INTO `students` VALUES (65, '杨振强', '13572993775', 'QSctdD9H41DmzMQ9BWvQiiMKyusUzwz69j', NULL, NULL, NULL, NULL, '0000-00-00 00:00:00', '0000-00-00 00:00:00');
INSERT INTO `students` VALUES (66, '王云鹤', '15529618639', 'Qe9wbF5PiorLSodaNtse5zcSQbR5UiFoip', NULL, NULL, NULL, NULL, '0000-00-00 00:00:00', '0000-00-00 00:00:00');
INSERT INTO `students` VALUES (67, '赵胜伟', '15291189600', 'QdQaskhJY67b3XGwVqjK1moyJHLTS4ENTK', NULL, NULL, NULL, NULL, '0000-00-00 00:00:00', '0000-00-00 00:00:00');
INSERT INTO `students` VALUES (68, '杨松伟', '18292845394', 'QeYTUPZkKupaqke8mHsk4u2bKYgz6HNdxM', NULL, NULL, NULL, NULL, '0000-00-00 00:00:00', '0000-00-00 00:00:00');
INSERT INTO `students` VALUES (69, '梁鹏飞', '13772512239', 'QUzQAzMQdWaum59Eej328MU9MULHruiYsk', NULL, NULL, NULL, NULL, '0000-00-00 00:00:00', '0000-00-00 00:00:00');
INSERT INTO `students` VALUES (70, '农文敏', '18291899969', 'QeAkwx4D7oVSnUJbYw2DdtgtpHoHox7QBv', NULL, NULL, NULL, NULL, '0000-00-00 00:00:00', '0000-00-00 00:00:00');
INSERT INTO `students` VALUES (71, '李欢', '15029181385', 'QjvB1RjQ9pPwGZgmWCW6RaA8NGyQ92oEVw', NULL, NULL, NULL, NULL, '0000-00-00 00:00:00', '0000-00-00 00:00:00');
INSERT INTO `students` VALUES (72, '张天娇', '15029024073', 'QhrTjxqWUCc8cZAFqn6htctNDetSqtayER', NULL, NULL, NULL, NULL, '0000-00-00 00:00:00', '0000-00-00 00:00:00');
INSERT INTO `students` VALUES (73, '韩旭', '17791692887', 'QVrNis66jrpChpZUQwdeSTx1JWqRQGe2Y2', NULL, NULL, NULL, NULL, '0000-00-00 00:00:00', '0000-00-00 00:00:00');
INSERT INTO `students` VALUES (74, '袁冬', '18391389518', 'Qdg2GbXiXMeejkqWP2UdQVNskneyQHVyPo', NULL, NULL, NULL, NULL, '0000-00-00 00:00:00', '0000-00-00 00:00:00');
INSERT INTO `students` VALUES (75, '鹿大宽', '15686456056', 'QNaMayfF3ZRbbp7NFfzxVVcgQWqC6KHqtc', NULL, NULL, NULL, NULL, '0000-00-00 00:00:00', '0000-00-00 00:00:00');
INSERT INTO `students` VALUES (76, '李冉', '15029053024', 'QTFgS732Sh7LzvPvzpoBsTQoUpeexeg2YH', NULL, NULL, NULL, NULL, '0000-00-00 00:00:00', '0000-00-00 00:00:00');
INSERT INTO `students` VALUES (77, '吴通', '17629193041', 'QgmmTRFd4oMrcSGaD3bggB9h6KEPSfQrH1', NULL, NULL, NULL, NULL, '0000-00-00 00:00:00', '0000-00-00 00:00:00');
INSERT INTO `students` VALUES (78, '刘勇存', '13759954348', 'QUAGscKUqayYvXhL5uKXP7rKfGMjMPgVCY', NULL, NULL, NULL, NULL, '0000-00-00 00:00:00', '0000-00-00 00:00:00');
INSERT INTO `students` VALUES (79, '李园园', '15129250702', 'Qbjh9RXfiAyXAVkjbsZPAqvwpQucUwP6JG', NULL, NULL, NULL, NULL, '0000-00-00 00:00:00', '0000-00-00 00:00:00');
INSERT INTO `students` VALUES (80, 'lc', '18192688707', 'Qg2VrDge8C8V6vXL6mBpKxr12SUSMTiErE', NULL, NULL, NULL, NULL, '0000-00-00 00:00:00', '0000-00-00 00:00:00');
INSERT INTO `students` VALUES (81, '乜博涵', '18292825191', 'QbaDiaAC8zNspbESFZL95VE6pSEHrZFfWs', NULL, NULL, NULL, NULL, '0000-00-00 00:00:00', '0000-00-00 00:00:00');
INSERT INTO `students` VALUES (82, '刘驰', '18592050662', 'QMmDRYffoBFoEuFaQLoiC4uQuvCGzLJwBd', NULL, NULL, NULL, NULL, '0000-00-00 00:00:00', '0000-00-00 00:00:00');
INSERT INTO `students` VALUES (83, '张峰', '15029931375', 'QhoA7A6JZRLqjiWQSdAXNPoPQ9Zufr6hxj', NULL, NULL, NULL, NULL, '0000-00-00 00:00:00', '0000-00-00 00:00:00');
INSERT INTO `students` VALUES (84, '吕治政', '13201616278', 'QY7x3zxrhxBH4XA4EzgeHsfeV47gYmgp5D', NULL, NULL, NULL, NULL, '0000-00-00 00:00:00', '0000-00-00 00:00:00');
INSERT INTO `students` VALUES (86, '路鹏', '18682978874', 'QiPT38CbRnAmJNkd9NXBhwCfwrQ1ErzXWx', NULL, NULL, NULL, NULL, '0000-00-00 00:00:00', '0000-00-00 00:00:00');
INSERT INTO `students` VALUES (87, '彭梦杰', '15091532242', 'QM9wx8tg4wFGn1yLiw1H8QTUfQeCBeZtvr', NULL, NULL, NULL, NULL, '0000-00-00 00:00:00', '0000-00-00 00:00:00');
INSERT INTO `students` VALUES (88, '杨雪涛', '18380591562', 'QWEBLvo6jCbYigJCERk5BmjLWsMA2Zygyi', NULL, NULL, NULL, NULL, '0000-00-00 00:00:00', '0000-00-00 00:00:00');
INSERT INTO `students` VALUES (89, '李士奇', '13309226672', 'Qg77CQbbjtiu5W7co4jB3BoBSuhA1qRE4E', NULL, NULL, NULL, NULL, '0000-00-00 00:00:00', '0000-00-00 00:00:00');
INSERT INTO `students` VALUES (90, '虞乾浩', '13572526831', 'QjDfpmF3ghBTjdqPpFt333wBRXRoCxsRo5', NULL, NULL, NULL, NULL, '0000-00-00 00:00:00', '0000-00-00 00:00:00');
INSERT INTO `students` VALUES (91, '宋江文', '18292851399', 'QaV3nRPJHdpJ9vQcFXSwJrUBoVCGuda4n4', NULL, NULL, NULL, NULL, '0000-00-00 00:00:00', '0000-00-00 00:00:00');
INSERT INTO `students` VALUES (93, '钟正港', '18096192055', 'QY8Cs2Cg6UqBYoKvwSpafswYGwYHZkuqmo', NULL, NULL, NULL, NULL, '0000-00-00 00:00:00', '0000-00-00 00:00:00');
INSERT INTO `students` VALUES (94, '姚子远', '18057326633', 'Qbf7VuF7Tuv69Eew1nQBajUCwAeYRreRzo', NULL, NULL, NULL, NULL, '0000-00-00 00:00:00', '0000-00-00 00:00:00');
INSERT INTO `students` VALUES (95, '朱兵', '18192688708', 'QW6KjYc2iKAVbvf2L37wbdfDkwfTmoXJWx', NULL, NULL, NULL, NULL, '0000-00-00 00:00:00', '0000-00-00 00:00:00');
INSERT INTO `students` VALUES (96, '薛昊', '18392129490', 'Qf4kzFUSvdWGbNGX9KgGGNAKCWaGdHU8Eh', NULL, NULL, NULL, NULL, '0000-00-00 00:00:00', '0000-00-00 00:00:00');
INSERT INTO `students` VALUES (97, '丁晗', '15771715914', 'QdCX13vA5Ek4R8y65u6wajfo4UJUcRW4kj', NULL, NULL, NULL, NULL, '0000-00-00 00:00:00', '0000-00-00 00:00:00');
INSERT INTO `students` VALUES (98, '成博鑫', '15109200669', 'QUKiKc7pY6rmMzvFag5QcH1uvhs431Ko3t', NULL, NULL, NULL, NULL, '0000-00-00 00:00:00', '0000-00-00 00:00:00');
INSERT INTO `students` VALUES (99, '范宁磊', '18835103184', 'QVyKnNn9qSoSQn8ABzoT23vdK3NKVb4wAD', NULL, NULL, NULL, NULL, '0000-00-00 00:00:00', '0000-00-00 00:00:00');
INSERT INTO `students` VALUES (100, '曾德顺', '13299115838', 'QNP6Uv9uAbi71pitrvCqVyqgEA4qLWmbMB', NULL, NULL, NULL, NULL, '0000-00-00 00:00:00', '0000-00-00 00:00:00');
INSERT INTO `students` VALUES (101, '容拓拓', '13324529260', 'QTLnA5p2bATBJX2dpk9UVhR2NoZj6EJg6U', NULL, NULL, NULL, NULL, '0000-00-00 00:00:00', '0000-00-00 00:00:00');
INSERT INTO `students` VALUES (102, '张星宇', '15309211602', 'Qd9P2dyTtDevvPJPPm4p7eQx3VqAV2Q8cZ', NULL, NULL, NULL, NULL, '0000-00-00 00:00:00', '0000-00-00 00:00:00');
INSERT INTO `students` VALUES (103, '魏萌萌', '18229053223', 'QaPWZptUS6DPkUw1DEqz1kR39uDgCLp7cB', NULL, NULL, NULL, NULL, '0000-00-00 00:00:00', '0000-00-00 00:00:00');
INSERT INTO `students` VALUES (104, '黄子豪', '15991681569', 'QM175LToMRyxPZD1JzF3rYeap2Nd8F27Fv', NULL, NULL, NULL, NULL, '0000-00-00 00:00:00', '0000-00-00 00:00:00');
INSERT INTO `students` VALUES (105, '高鹏', '15991893815', 'QfsW84M7HSsFvJLZ4x6tJ7ovXsdXVSoNTu', NULL, NULL, NULL, NULL, '0000-00-00 00:00:00', '0000-00-00 00:00:00');
INSERT INTO `students` VALUES (106, '叩曼', '18729209261', 'QNvowjxwjB7qFSLCf6oXSwJH4HMfM7R1KU', NULL, NULL, NULL, NULL, '0000-00-00 00:00:00', '0000-00-00 00:00:00');
INSERT INTO `students` VALUES (107, '周鼎', '13992365961', 'QRjYzWFr57e2XoDNNjbAXy1uSTEfHbYu6e', NULL, NULL, NULL, NULL, '0000-00-00 00:00:00', '0000-00-00 00:00:00');
INSERT INTO `students` VALUES (108, '何金刚', '18113483217', 'QYC74s6JdZsBHHuNJMPJvEuG1wELuehCME', NULL, NULL, NULL, NULL, '0000-00-00 00:00:00', '0000-00-00 00:00:00');
INSERT INTO `students` VALUES (109, '王锟', '18681942862', 'QemkdSwNoQ7dSFHCH9CmFcJYzd26gKrazk', NULL, NULL, NULL, NULL, '0000-00-00 00:00:00', '0000-00-00 00:00:00');
INSERT INTO `students` VALUES (110, '郝钰', '15686470173', 'QTjwdoSiDY9TiSCT4keaHo2SJeQuA77vy6', NULL, NULL, NULL, NULL, '0000-00-00 00:00:00', '0000-00-00 00:00:00');
INSERT INTO `students` VALUES (111, '彭小娟', '13152129157', 'QP6b99YBDc92kqH6mzTDhbAtqWTcqrd6tg', NULL, NULL, NULL, NULL, '0000-00-00 00:00:00', '0000-00-00 00:00:00');
INSERT INTO `students` VALUES (112, '何怡', '15769200825', 'Qc2MXKcDcPBn3TJeBqVECBz5XUnYeG8ydk', NULL, NULL, NULL, NULL, '0000-00-00 00:00:00', '0000-00-00 00:00:00');
INSERT INTO `students` VALUES (113, '丁凡', '18049665229', 'QP7CGYCrhrVGRybcSRTNuaZ4U4fKRmquuw', NULL, NULL, NULL, NULL, '0000-00-00 00:00:00', '0000-00-00 00:00:00');
INSERT INTO `students` VALUES (114, '何建武', '15009252328', 'Qjun7UJj3Le5GbYU5F1LbFYhwjhG8nEZLE', NULL, NULL, NULL, NULL, '0000-00-00 00:00:00', '0000-00-00 00:00:00');
INSERT INTO `students` VALUES (116, 'HTWO', '18292821407', 'QQGq6RYv57xEUkDYdaZfJ8R9MDyYso8GGh', NULL, NULL, NULL, NULL, '0000-00-00 00:00:00', '0000-00-00 00:00:00');
INSERT INTO `students` VALUES (117, '廖常立', '18629648223', 'Qapf1UaP6S5aREFpF12xU6jRScMviyiPTh', NULL, NULL, NULL, NULL, '0000-00-00 00:00:00', '0000-00-00 00:00:00');
INSERT INTO `students` VALUES (118, '李缘豪', '15929300726', 'QiALeRjBcd5fFXke9hV4efT3idXEn7JdSD', NULL, NULL, NULL, NULL, '0000-00-00 00:00:00', '0000-00-00 00:00:00');
INSERT INTO `students` VALUES (119, '苏嘉翔', '15339272022', 'QQpVeZq1AyvHwcm7oCMjyhLxJvp5kJnnG1', NULL, NULL, NULL, NULL, '0000-00-00 00:00:00', '0000-00-00 00:00:00');
INSERT INTO `students` VALUES (120, '李彤', '13201695260', 'QVnxKt8fMAsj8FaTvABsSCXPNAk9yEab2H', NULL, NULL, NULL, NULL, '0000-00-00 00:00:00', '0000-00-00 00:00:00');
INSERT INTO `students` VALUES (122, '刘金会', '17762276257', 'QWVq1827PxviC7FKnJtRsqVAoKK2o9b2AD', NULL, NULL, NULL, NULL, '0000-00-00 00:00:00', '0000-00-00 00:00:00');
INSERT INTO `students` VALUES (123, '陈文康', '18064399220', 'QbjwuXp5JwEyqw7XoCuhdu1WGsiAh7r3vA', NULL, NULL, NULL, NULL, '0000-00-00 00:00:00', '0000-00-00 00:00:00');
INSERT INTO `students` VALUES (124, '赵玉姣', '18291864482', 'QNTa51c2iGFafsVs8zyjNVtpggFfd8QoHy', NULL, NULL, NULL, NULL, '0000-00-00 00:00:00', '0000-00-00 00:00:00');
INSERT INTO `students` VALUES (125, '李峥', '18592053780', 'QdEoGxpV2qGAJyTeWBx8JuL9EnPAH7N3DV', NULL, NULL, NULL, NULL, '0000-00-00 00:00:00', '0000-00-00 00:00:00');
INSERT INTO `students` VALUES (126, '金虎权', '18209203974', 'QSMkT1neAazkLQVwFt7SRs77mjGBqCexfY', NULL, NULL, NULL, NULL, '0000-00-00 00:00:00', '0000-00-00 00:00:00');
INSERT INTO `students` VALUES (127, '朱文瀚', '15091625598', 'QbBDxeHaSSSEPLbcLoVYMft1pNNLLQ6nzD', NULL, NULL, NULL, NULL, '0000-00-00 00:00:00', '0000-00-00 00:00:00');
INSERT INTO `students` VALUES (128, '董珂', '13353480437', '', NULL, NULL, NULL, NULL, '0000-00-00 00:00:00', '0000-00-00 00:00:00');
INSERT INTO `students` VALUES (129, '李炜', '18500480268', 'QLiShYeRgZTGLfQ3KM2fPw249HxA7uFYhU', NULL, NULL, NULL, NULL, '0000-00-00 00:00:00', '0000-00-00 00:00:00');
INSERT INTO `students` VALUES (130, '李慧琳', '17809299615', 'QPVni6hfJYSJFm4CobZwNsqcC6KUjvnxuA', NULL, NULL, NULL, NULL, '0000-00-00 00:00:00', '0000-00-00 00:00:00');
INSERT INTO `students` VALUES (131, '李寅', '17191083698', 'QN6P9TpZgguohpnmGg5qCtzesvb7R99enN', NULL, NULL, NULL, NULL, '0000-00-00 00:00:00', '0000-00-00 00:00:00');
INSERT INTO `students` VALUES (132, '杨木易', '17629092335', 'Qi8P5yzsNfb7BVYT88X1mmp3JawqkTXWiL', NULL, NULL, NULL, NULL, '0000-00-00 00:00:00', '0000-00-00 00:00:00');
INSERT INTO `students` VALUES (133, '张文一', '18682964325', 'QihZs3Mb1Tc6yKYrwg9oHksoq7ZnUhpKJY', NULL, NULL, NULL, NULL, '0000-00-00 00:00:00', '0000-00-00 00:00:00');
INSERT INTO `students` VALUES (134, '李梁', '18055706132', 'QTF9Kxf9afDFXg1nDMrPFGCGXknRWYhkFL', NULL, NULL, NULL, NULL, '0000-00-00 00:00:00', '0000-00-00 00:00:00');
INSERT INTO `students` VALUES (135, '王鑫', '18092682334', 'Qepgfw1Fu5L7aaRaNqKKsm9sZ8nRze9Wkn', NULL, NULL, NULL, NULL, '0000-00-00 00:00:00', '0000-00-00 00:00:00');
INSERT INTO `students` VALUES (136, '姚领风', '13709126141', 'QcvnTPY8yvkpd1gTn6ZFdKDGYXpJuuPFb9', NULL, NULL, NULL, NULL, '0000-00-00 00:00:00', '0000-00-00 00:00:00');
INSERT INTO `students` VALUES (137, '鲁都督', '17782521702', 'QQRszPwSUa3pQFcrrJdEeAfU2ryp939fb3', NULL, NULL, NULL, NULL, '0000-00-00 00:00:00', '0000-00-00 00:00:00');
INSERT INTO `students` VALUES (138, '小袋', '17611190601', 'QRPUJ2mxWr1APcpWEmBxzbhfxBdd4enbib', NULL, NULL, NULL, NULL, '0000-00-00 00:00:00', '0000-00-00 00:00:00');
INSERT INTO `students` VALUES (139, '高建淇', '15229240884', 'QVCykxNWuCNsxYoajXjmikvr3qavAoR8BB', NULL, NULL, NULL, NULL, '0000-00-00 00:00:00', '0000-00-00 00:00:00');
INSERT INTO `students` VALUES (140, '薛聪聪', '15129399224', 'QVWU1XYdGLrxkV9nzhcSdP6BtWSGb9Y7NL', NULL, NULL, NULL, NULL, '0000-00-00 00:00:00', '0000-00-00 00:00:00');
INSERT INTO `students` VALUES (141, '李晋', '13891959139', 'QY2o9BUWwJ8K93VsLPgAE6YyW7Lv8qbZyE', NULL, NULL, NULL, NULL, '0000-00-00 00:00:00', '0000-00-00 00:00:00');
INSERT INTO `students` VALUES (142, '冯栗', '15002924926', 'QRV6Vd1fABgSAyxZ8Ysxz2GwiH3wjeFV1G', NULL, NULL, NULL, NULL, '0000-00-00 00:00:00', '0000-00-00 00:00:00');
INSERT INTO `students` VALUES (143, '刘磊', '15029925375', 'Qg3x7PyMcSFcfTCaHHR2QD8MvyJnbkv8Wh', NULL, NULL, NULL, NULL, '0000-00-00 00:00:00', '0000-00-00 00:00:00');
INSERT INTO `students` VALUES (144, '史凯玥', '15229065978', 'QWws6sooFckAeFhD7guJLvs4Y9tBEQJvYk', NULL, NULL, NULL, NULL, '0000-00-00 00:00:00', '0000-00-00 00:00:00');
INSERT INTO `students` VALUES (145, '豆敏娟', '13572139732', 'QZUmekgwtjqAu1sTktQFVf9siGd9Wihz3q', NULL, NULL, NULL, NULL, '0000-00-00 00:00:00', '0000-00-00 00:00:00');
INSERT INTO `students` VALUES (146, '朱梓萁', '15378901695', 'QX3GaKJaanEjmXy2EPb76YAR385SbUEd4Y', NULL, NULL, NULL, NULL, '0000-00-00 00:00:00', '0000-00-00 00:00:00');
INSERT INTO `students` VALUES (147, '李元', '15029451203', 'QQbmcX3LpKFQYzL7QdmddaEJipw7rdzstf', NULL, NULL, NULL, NULL, '0000-00-00 00:00:00', '0000-00-00 00:00:00');
INSERT INTO `students` VALUES (148, '刘昕洋', '13629106360', 'Qbp8NZ5HjfajhW5F8381bZVcuKeJmtpqKy', NULL, NULL, NULL, NULL, '0000-00-00 00:00:00', '0000-00-00 00:00:00');
INSERT INTO `students` VALUES (149, '费书凡', '18392182885', 'QZRP9Hm9wSUazduWyvosHLfB7MgxJAvaiF', NULL, NULL, NULL, NULL, '0000-00-00 00:00:00', '0000-00-00 00:00:00');
INSERT INTO `students` VALUES (151, '巨飞燕', '18821619564', '', NULL, NULL, NULL, NULL, '0000-00-00 00:00:00', '0000-00-00 00:00:00');
INSERT INTO `students` VALUES (152, '王阳阳', '15129203045', 'QRBbKKx6qaDxJroKXCuZnA97k58JSDhgNw', NULL, NULL, NULL, NULL, '0000-00-00 00:00:00', '0000-00-00 00:00:00');
INSERT INTO `students` VALUES (153, '黄进建', '15319777971', 'QWAiuBuMcjwKn2HyLWdQE3viMRzSJd6ojw', NULL, NULL, NULL, NULL, '0000-00-00 00:00:00', '0000-00-00 00:00:00');
INSERT INTO `students` VALUES (154, '王硕', '15129086379', 'QdHHCRb5W263JxiWMeEE44kkUcZAnzth77', NULL, NULL, NULL, NULL, '0000-00-00 00:00:00', '0000-00-00 00:00:00');
INSERT INTO `students` VALUES (155, '耿宇', '17691182637', 'QRLm49PmJhHLXxVqLQyE52KEFfiLZd4yrb', NULL, NULL, NULL, NULL, '0000-00-00 00:00:00', '0000-00-00 00:00:00');
INSERT INTO `students` VALUES (156, '赵迪伟', '15809272699', 'QPgJGFm4kLkfAX8F9TTYn11XFMzY8mKYBN', NULL, NULL, NULL, NULL, '0000-00-00 00:00:00', '0000-00-00 00:00:00');
INSERT INTO `students` VALUES (158, '袁会杰', '13088966384', 'Qc7Nj7vSkG6BSnbNSsGGPjaVwBpc3LWDEo', NULL, NULL, NULL, NULL, '0000-00-00 00:00:00', '0000-00-00 00:00:00');
INSERT INTO `students` VALUES (159, '周鑫', '15529617713', 'Qed4RpJyEFDE189EAFzZe6pzEnTMHNb9eL', NULL, NULL, NULL, NULL, '0000-00-00 00:00:00', '0000-00-00 00:00:00');
INSERT INTO `students` VALUES (160, '魏昭', '18191758092', 'QNaDPBMqUwA5QtMyfJNC6NzuR8KJrHCRGS', NULL, NULL, NULL, NULL, '0000-00-00 00:00:00', '0000-00-00 00:00:00');
INSERT INTO `students` VALUES (161, '张瀚艺', '13332378383', 'QiztNzVCc2W3iZF5kJnhjPsK69QNNLeqoJ', NULL, NULL, NULL, NULL, '0000-00-00 00:00:00', '0000-00-00 00:00:00');
INSERT INTO `students` VALUES (162, '陈金宇', '18292812058', 'QZAVJsE58Cg24fMvaHCSfFze91vru5MciR', NULL, NULL, NULL, NULL, '0000-00-00 00:00:00', '0000-00-00 00:00:00');
INSERT INTO `students` VALUES (163, '薛绍鹏', '13791305354', 'QgusNNs6JKuHSJbf3m8rACEyGyaEWQWKKi', NULL, NULL, NULL, NULL, '0000-00-00 00:00:00', '0000-00-00 00:00:00');
INSERT INTO `students` VALUES (164, '张春杰', '13691488025', 'QagzYKWcJfZse4gCk2nCcJ1CZAdmYbPYRi', NULL, NULL, NULL, NULL, '0000-00-00 00:00:00', '0000-00-00 00:00:00');
INSERT INTO `students` VALUES (165, '李孝宁', '18292808726', 'QZtsnZJGX38FkKRQedeYb6CMTuvjurUiAR', NULL, NULL, NULL, NULL, '0000-00-00 00:00:00', '0000-00-00 00:00:00');
INSERT INTO `students` VALUES (166, '黄致远', '18291865538', 'QgU7hQQcFURfG2htu7jgYTzUmuvWHFwE37', NULL, NULL, NULL, NULL, '0000-00-00 00:00:00', '0000-00-00 00:00:00');
INSERT INTO `students` VALUES (167, '高振峰', '17691175568', 'QUfRZZUEcxgwez84x9SDw8CCzd8iDdCgfh', NULL, NULL, NULL, NULL, '0000-00-00 00:00:00', '0000-00-00 00:00:00');
INSERT INTO `students` VALUES (168, '曹海鹏', '18292160521', 'QW5W8owB5Gzjsoi7kUWi2UFFnq4Di4W1Bn', NULL, NULL, NULL, NULL, '0000-00-00 00:00:00', '0000-00-00 00:00:00');
INSERT INTO `students` VALUES (169, '张晶', '18066528661', '', NULL, NULL, NULL, NULL, '0000-00-00 00:00:00', '0000-00-00 00:00:00');
INSERT INTO `students` VALUES (170, '胡津涛', '17791437818', 'QRzCnyf4QCmL11V43LGWUCJPWsipHF3Kbo', NULL, NULL, NULL, NULL, '0000-00-00 00:00:00', '0000-00-00 00:00:00');
INSERT INTO `students` VALUES (171, '王子涵', '13201678331', 'QM9RFxADJfQuh3rSTPRev35YivL4TgiYoN', NULL, NULL, NULL, NULL, '0000-00-00 00:00:00', '0000-00-00 00:00:00');
INSERT INTO `students` VALUES (172, 'rico', '13572118899', 'QP3CHgK9NyGkVHEaZ3oDS674wyvDJUvzYN', NULL, NULL, NULL, NULL, '0000-00-00 00:00:00', '0000-00-00 00:00:00');
INSERT INTO `students` VALUES (173, '牛蒙', '17568020951', 'QgnfMu4rL3x73EvghZrwwxotgC9dwA5rhP', NULL, NULL, NULL, NULL, '0000-00-00 00:00:00', '0000-00-00 00:00:00');
INSERT INTO `students` VALUES (174, '朱琳琳', '15691894323', 'QZ3gNjNJcVbkadEB3v2wpcXxxELq6BSC84', NULL, NULL, NULL, NULL, '0000-00-00 00:00:00', '0000-00-00 00:00:00');
INSERT INTO `students` VALUES (175, '杜晔晔', '13700293619', 'QNULPgzDnsCtpNJrkJpARGPYH43ypmeCsk', NULL, NULL, NULL, NULL, '0000-00-00 00:00:00', '0000-00-00 00:00:00');
INSERT INTO `students` VALUES (176, '付书航', '13630253591', 'Qc92XmiC6qZtjTCNAqCDWcrUzuABTQveTU', NULL, NULL, NULL, NULL, '0000-00-00 00:00:00', '0000-00-00 00:00:00');
INSERT INTO `students` VALUES (177, '孔祥磊', '18792575440', 'QN25icgrUymAhW2HoNBxKKF5C4dYiv7dnr', NULL, NULL, NULL, NULL, '0000-00-00 00:00:00', '0000-00-00 00:00:00');
INSERT INTO `students` VALUES (178, '鲍年中', '13501711613', 'QWaZL6BYyQ5WR5NbHdS3fnsdrrzbyyBPxj', NULL, NULL, NULL, NULL, '0000-00-00 00:00:00', '0000-00-00 00:00:00');
INSERT INTO `students` VALUES (180, '段立科', '15899096555', 'QMcNssoEC7YVcjtAByd8VrHBJS2LygKoVQ', NULL, NULL, NULL, NULL, '0000-00-00 00:00:00', '0000-00-00 00:00:00');
INSERT INTO `students` VALUES (181, '邹', '15664601051', 'QUEcBtJs9SoyYWJtvYR3hFv4gd9HwK3cAA', NULL, NULL, NULL, NULL, '0000-00-00 00:00:00', '0000-00-00 00:00:00');
INSERT INTO `students` VALUES (182, '刘思潮', '15809256627', 'QVGxbP7nmjwfpa7b7VdTCTX2pVJnEo7WSB', NULL, NULL, NULL, NULL, '0000-00-00 00:00:00', '0000-00-00 00:00:00');
INSERT INTO `students` VALUES (183, '李凌冰', '15029046317', 'QfmKS1B5DFYHiyGXh7syNikraBDFxxEgbU', NULL, NULL, NULL, NULL, '0000-00-00 00:00:00', '0000-00-00 00:00:00');
INSERT INTO `students` VALUES (184, '郭二一', '17765021988', 'QQUSyEqrQEKeezf7AmKbpeqnQUrD4N3Nns', NULL, NULL, NULL, NULL, '0000-00-00 00:00:00', '0000-00-00 00:00:00');
INSERT INTO `students` VALUES (185, '尹泽鑫', '17854387273', 'QQGCZRGEN72zDuniJYfMNMjRbBhbp24Ksd', NULL, NULL, NULL, NULL, '0000-00-00 00:00:00', '0000-00-00 00:00:00');
INSERT INTO `students` VALUES (186, '武超雄', '15529609856', 'QMhi92Vzt9BQkRvxzwDCNoquDLvNUoDA94', NULL, NULL, NULL, NULL, '0000-00-00 00:00:00', '0000-00-00 00:00:00');
INSERT INTO `students` VALUES (187, '陈逸', '13759879885', 'QXZHi26jJCAKCa4dLsSZ2wfPn9uV1nxZTQ', NULL, NULL, NULL, NULL, '0000-00-00 00:00:00', '0000-00-00 00:00:00');
INSERT INTO `students` VALUES (188, '陈经纬', '18796301372', 'Qi7jH8S1JAkie4jQ19Xe1RAQnbcqdAJzuf', NULL, NULL, NULL, NULL, '0000-00-00 00:00:00', '0000-00-00 00:00:00');
INSERT INTO `students` VALUES (189, '顿志强', '15691411271', 'QNCkhNgs3ioECZndY4SPJaMiXf1wxjUs4g', NULL, NULL, NULL, NULL, '0000-00-00 00:00:00', '0000-00-00 00:00:00');
INSERT INTO `students` VALUES (190, '何嘉昊', '18291869074', 'QUEYPWvrQ9Uwf5qMdFxJWCuhra7GLRycn3', NULL, NULL, NULL, NULL, '0000-00-00 00:00:00', '0000-00-00 00:00:00');
INSERT INTO `students` VALUES (191, '盖遥', '15009250250', 'QhHb4uc7sjt8aZd5a1HweGdM3d3ReN78FC', NULL, NULL, NULL, NULL, '0000-00-00 00:00:00', '0000-00-00 00:00:00');
INSERT INTO `students` VALUES (192, '闫星宇', '15029029392', 'QaB6BmbbykvFvue2BzyN5YbCKGXtLa5yeY', NULL, NULL, NULL, NULL, '0000-00-00 00:00:00', '0000-00-00 00:00:00');
INSERT INTO `students` VALUES (193, '王歌', '13201865320', 'QMjErD36HqNEtxWp7zrNNuTZLsJkkLAW1Q', NULL, NULL, NULL, NULL, '0000-00-00 00:00:00', '0000-00-00 00:00:00');
INSERT INTO `students` VALUES (194, '杨恒', '15289350912', 'QT4hv9kpHpWH6zUC1TUBxwNRpLB8xpva1T', NULL, NULL, NULL, NULL, '0000-00-00 00:00:00', '0000-00-00 00:00:00');
INSERT INTO `students` VALUES (195, '聂元昊', '15619206982', 'QhcR4f84Zc43BeX2rb9ccsdgwQo3ado86C', NULL, NULL, NULL, NULL, '0000-00-00 00:00:00', '0000-00-00 00:00:00');
INSERT INTO `students` VALUES (196, '刘要辉', '15229088125', 'QNjPu7utmTfQyMnmiD9vYW4Qpum9DjLMuv', NULL, NULL, NULL, NULL, '0000-00-00 00:00:00', '0000-00-00 00:00:00');
INSERT INTO `students` VALUES (197, '郭娟娟', '17610466318', 'QQeFfWrn8tHuF8HmAYsTQCZhjSaHFDYCWs', NULL, NULL, NULL, NULL, '0000-00-00 00:00:00', '0000-00-00 00:00:00');
INSERT INTO `students` VALUES (199, '邱震尧', '18292892177', 'QcVvRUPbyiioeyqhTBQEsLP7663UaX4d6e', NULL, NULL, NULL, NULL, '0000-00-00 00:00:00', '0000-00-00 00:00:00');
INSERT INTO `students` VALUES (200, '石钰林', '15191421425', 'QddVDnG1feuZzff4rnyXecnxmmd92Q8esJ', NULL, NULL, NULL, NULL, '0000-00-00 00:00:00', '0000-00-00 00:00:00');
INSERT INTO `students` VALUES (201, '尚晶', '18092804096', 'QVEM62B5NP19NC526B4gvEvR2MN4X6bqmQ', NULL, NULL, NULL, NULL, '0000-00-00 00:00:00', '0000-00-00 00:00:00');
INSERT INTO `students` VALUES (202, '都林', '15891395009', 'Qe1ZwHrT8NF8JoNaRVkYnFFwNNjxNoDk3y', NULL, NULL, NULL, NULL, '0000-00-00 00:00:00', '0000-00-00 00:00:00');
INSERT INTO `students` VALUES (203, '闫广亮', '15332389855', 'Qh4eo9FoQj99nB6dEhDt3nWDhrvREoT1cC', NULL, NULL, NULL, NULL, '0000-00-00 00:00:00', '0000-00-00 00:00:00');
INSERT INTO `students` VALUES (204, '史利香', '15802965867', 'Qaa62qq4rRg8HqumestUnYfnnDvNjRMeW6', NULL, NULL, NULL, NULL, '0000-00-00 00:00:00', '0000-00-00 00:00:00');
INSERT INTO `students` VALUES (205, '刘高', '18710623890', 'QPLYZYRqWiQf76nwaHygVc9CG7aTi8ifjq', NULL, NULL, NULL, NULL, '0000-00-00 00:00:00', '0000-00-00 00:00:00');
INSERT INTO `students` VALUES (207, '孙文亮', '15002959297', 'QLk8PbDgKN5bdhswe2vB7YVSrQKSbQ6qjZ', NULL, NULL, NULL, NULL, '0000-00-00 00:00:00', '0000-00-00 00:00:00');
INSERT INTO `students` VALUES (208, '王成银', '18292804993', 'QPPBisN9rjGPDDbMjsUcJYjr1c8zFM3Kpd', NULL, NULL, NULL, NULL, '0000-00-00 00:00:00', '0000-00-00 00:00:00');
INSERT INTO `students` VALUES (209, '李秋颖', '18161909662', '', NULL, NULL, NULL, NULL, '0000-00-00 00:00:00', '0000-00-00 00:00:00');
INSERT INTO `students` VALUES (210, '孟浩然', '18292026844', 'QezKVD58VSueZ3nbjkkXhwYf1647JqPKaA', NULL, NULL, NULL, NULL, '0000-00-00 00:00:00', '0000-00-00 00:00:00');
INSERT INTO `students` VALUES (211, '吴骁', '18681864802', 'QaC5yjbnJJezzAvo2knjETgYAJtqKQshfM', NULL, NULL, NULL, NULL, '0000-00-00 00:00:00', '0000-00-00 00:00:00');
INSERT INTO `students` VALUES (212, '杨菊玲', '18502900855', 'QP3szk5ssiCegjjoyEqdcF391Yasonjf8Z', NULL, NULL, NULL, NULL, '0000-00-00 00:00:00', '0000-00-00 00:00:00');
INSERT INTO `students` VALUES (213, '李想', '18292035598', 'QRm2qq6tydKyDyCGji77fQw8DtQCRTYfrW', NULL, NULL, NULL, NULL, '0000-00-00 00:00:00', '0000-00-00 00:00:00');
INSERT INTO `students` VALUES (214, '李明', '18991180030', 'QiMWkegZZpKHtDEiDRBU5ywMnxrBRAFfsz', NULL, NULL, NULL, NULL, '0000-00-00 00:00:00', '0000-00-00 00:00:00');
INSERT INTO `students` VALUES (215, '陈智浩', '15771948192', 'QPLPJ8wHRuRca61frjXVMKYYPz3X5iekYV', NULL, NULL, NULL, NULL, '0000-00-00 00:00:00', '0000-00-00 00:00:00');
INSERT INTO `students` VALUES (216, '刘良', '13680319932', 'QiNNXY2F2AeWWMyttALraoeCejWCQ1BcgM', NULL, NULL, NULL, NULL, '0000-00-00 00:00:00', '0000-00-00 00:00:00');
INSERT INTO `students` VALUES (281, '于彩', '15002969479', 'QaJKWvdPquf2DZ2K9BH1SLUq4r4Cq4aSuQ', NULL, NULL, NULL, NULL, '0000-00-00 00:00:00', '0000-00-00 00:00:00');
INSERT INTO `students` VALUES (282, '王焕新', '15829846511', 'QN9pHDXJto2ZGrFR9Qft39VqxoUN8JBfzF', NULL, NULL, NULL, NULL, '0000-00-00 00:00:00', '0000-00-00 00:00:00');
INSERT INTO `students` VALUES (283, '何锦鹏', '17629209985', 'QWcf2KBPDYHwfA4dhdjfRaY5fkzTDV6Wox', NULL, NULL, NULL, NULL, '2018-04-11 02:05:53', '2018-04-11 02:05:53');
INSERT INTO `students` VALUES (284, '杨传伟', '17691044139', 'QLmGtUtZFvj33wRTve5my6Dm9dGQbEWfLb', NULL, NULL, NULL, NULL, '2018-04-11 02:05:53', '2018-04-11 02:05:53');
INSERT INTO `students` VALUES (285, '袁玥', '15091198923', 'QMv4gNasLV8cXYDonnMQaZj6PTXSsgoodW', NULL, NULL, NULL, NULL, '2018-04-12 02:20:53', '2018-04-12 02:20:53');
INSERT INTO `students` VALUES (286, '温嘉伟', '13709248422', 'QjtxMfRvnWgDUbtC8QY17RV6Ncqx7xqKWv', NULL, NULL, NULL, NULL, '2018-04-17 02:15:12', '2018-04-17 02:15:12');
INSERT INTO `students` VALUES (287, '王佳宁', '18829214281', 'QfG6jdhYcz2Yc22Yv3YnJ6idHpMgXdYZdD', NULL, NULL, NULL, NULL, '2018-04-17 02:37:40', '2018-04-17 02:37:40');
INSERT INTO `students` VALUES (288, '惠涛', '15009280146', 'QVmi5LG69yx9pTCf2tiRQP6c4QZLa94RQQ', NULL, NULL, NULL, NULL, '2018-04-17 02:37:40', '2018-04-17 02:37:40');
INSERT INTO `students` VALUES (289, '王航', '13279516118', 'QXVSj9rCyUQtSmAyzaiDfMS9RKaC9FE8d5', NULL, NULL, NULL, NULL, '2018-04-17 02:37:40', '2018-04-17 02:37:40');
INSERT INTO `students` VALUES (290, '侯秦楠', '15529085770', 'QeDmjcHBSwqCL63NbPKLrNqXZKhquP6uAk', NULL, NULL, NULL, NULL, '2018-04-17 02:37:40', '2018-04-17 02:37:40');
INSERT INTO `students` VALUES (291, '郑子相', '15002938371', 'QbpXvDR5abzcCpt7eJjAZBhhjHifwM2bT3', NULL, NULL, NULL, NULL, '2018-04-17 02:37:40', '2018-04-17 02:37:40');
INSERT INTO `students` VALUES (292, '杜燕', '18502950160', 'QPddEJUTXF1tGVTaz3C3Ps8yBkYoAeJWSE', NULL, NULL, NULL, NULL, '2018-04-17 02:37:40', '2018-04-17 02:37:40');
INSERT INTO `students` VALUES (293, '马飞', '13468728157', 'Qbcuztv4a7RmPfDDUpKK6EHzMyTkqQgtfW', NULL, NULL, NULL, NULL, '2018-04-17 02:37:40', '2018-04-17 02:37:40');
INSERT INTO `students` VALUES (294, '吴亮东', '18292689648', 'QXELSypevZpGU9po2RWVXBHyGhq3h7nqQH', NULL, NULL, NULL, NULL, '2018-04-17 02:37:40', '2018-04-17 02:37:40');
INSERT INTO `students` VALUES (295, '黄捷', '18905523692', 'QbkG14XGt4UHbcc15ggqUvtfeo7g99299v', NULL, NULL, NULL, NULL, '2018-04-17 02:37:40', '2018-04-17 02:37:40');
INSERT INTO `students` VALUES (296, '余鹰', '18687053150', 'QMifHWodbUS8YLrMVpSVyDRjiDbBXKvKhU', NULL, NULL, NULL, NULL, '2018-04-17 02:37:40', '2018-04-17 02:37:40');
INSERT INTO `students` VALUES (297, '刘', '18829016985', 'QMdHaQ2fhhMdXtHNbmXviCrCMPPBx2dceb', NULL, NULL, NULL, NULL, '2018-04-17 02:37:40', '2018-04-17 02:37:40');
INSERT INTO `students` VALUES (298, '常富', '15091525027', 'QV9tfDgJxTo7TF2M7HBH9fcyiHLzFUQK6t', NULL, NULL, NULL, NULL, '2018-04-17 02:37:40', '2018-04-17 02:37:40');
INSERT INTO `students` VALUES (299, '周欣', '17765022088', 'QSNyBrS5FVhZzNDXWw6dJf4wDobev5khBU', NULL, NULL, NULL, NULL, '2018-04-17 02:37:40', '2018-04-17 02:37:40');
INSERT INTO `students` VALUES (300, '高志勇', '18740355154', 'QY6krv5YTvZAaopgnmKQEwJMb4UfHXstjp', NULL, NULL, NULL, NULL, '2018-04-17 02:37:40', '2018-04-17 02:37:40');
INSERT INTO `students` VALUES (301, '贺磊', '15114911469', 'QjcNmZ1x2pZXogHvmKNeoyJsKQRtAcxS9c', NULL, NULL, NULL, NULL, '2018-04-17 03:01:11', '2018-04-17 03:01:11');
INSERT INTO `students` VALUES (302, '潘伟路', '13909232779', 'Qhv88rWXAVtQqppYJ6RQKCvqUzTEb1yCG9', NULL, NULL, NULL, NULL, '2018-04-17 03:01:11', '2018-04-17 03:01:11');
INSERT INTO `students` VALUES (303, '张林超', '15029954271', 'QLhnXkcErdf7KgHSkrkZKVsJKCud8n4xzb', NULL, NULL, NULL, NULL, '2018-04-17 03:01:11', '2018-04-17 03:01:11');
INSERT INTO `students` VALUES (304, '金天', '13992801512', 'QetALZnB5YpEGaTPqfV7bgXLGuSKvp8vmz', NULL, NULL, NULL, NULL, '2018-04-17 03:01:11', '2018-04-17 03:01:11');
INSERT INTO `students` VALUES (305, '文苏洋', '13720403269', 'QjEj5wLTjBYHG8KjyRUkgaUqLcDasBaEdz', NULL, NULL, NULL, NULL, '2018-04-17 03:01:11', '2018-04-17 03:01:11');
INSERT INTO `students` VALUES (306, '程冰冰', '15114970768', 'QNLU2ptecee655jW6RMgSXYVTBTFVyLTui', NULL, NULL, NULL, NULL, '2018-04-17 03:01:11', '2018-04-17 03:01:11');
INSERT INTO `students` VALUES (307, '刘贺', '13088968262', 'QUg4wpRh6YpBVVAjaW1cjQQ35CEwRjdziC', NULL, NULL, NULL, NULL, '2018-04-17 06:42:35', '2018-04-17 06:42:35');
INSERT INTO `students` VALUES (308, '李小强', '18829248622', 'QPoT4D2LMtK9nL3a4STWdQKa7pawmk8Nv4', NULL, NULL, NULL, NULL, '2018-04-17 06:42:35', '2018-04-17 06:42:35');
INSERT INTO `students` VALUES (309, '陈潇', '18629436805', 'QMV2Q14Vtr17kK7Gsi7sYBX9Y5jAhbrTkY', NULL, NULL, NULL, NULL, '2018-04-23 16:51:53', '2018-04-23 16:51:53');
INSERT INTO `students` VALUES (310, '薛冠豪', '18710893166', 'QcoXmnHLqEQoDS5yj4B5daqHDdsWCEFm8F', NULL, NULL, NULL, NULL, '2018-04-23 16:51:53', '2018-04-23 16:51:53');
INSERT INTO `students` VALUES (311, '黄兆瑞', '15002943368', 'QdtN5hTdxNJhWjFXVNZGEgbUtHvSkcdues', NULL, NULL, NULL, NULL, '2018-04-23 16:51:53', '2018-04-23 16:51:53');
INSERT INTO `students` VALUES (312, '王梦琦', '18149252449', 'QXnFcLVVM1AtZgFC5Q3w3iAnWgedwoSP8a', NULL, NULL, NULL, NULL, '2018-04-23 16:51:53', '2018-04-23 16:51:53');
INSERT INTO `students` VALUES (313, '李娇', '15029961467', 'QMZHm3ezjj3t1NrGFjvRXddQHDJRVFCPQP', NULL, NULL, NULL, NULL, '2018-04-23 16:51:53', '2018-04-23 16:51:53');
INSERT INTO `students` VALUES (314, '杨帆', '18592051008', 'QVgFV5R89fynCLAzbq9pQivuB726JsgCxd', NULL, NULL, NULL, NULL, '2018-04-23 16:51:53', '2018-04-23 16:51:53');
INSERT INTO `students` VALUES (315, '陈荣鹏', '18691458243', 'QNMgqhWrtHntxBCnpuhNap1Z3kbdXFAx9L', NULL, NULL, NULL, NULL, '2018-04-23 16:51:53', '2018-04-23 16:51:53');
INSERT INTO `students` VALUES (316, '代文龙', '15029287216', 'QVGwiZ7GPZ9h9oxhX4ZdcR1TbCWQweuFkS', NULL, NULL, NULL, NULL, '2018-04-23 16:51:53', '2018-04-23 16:51:53');
INSERT INTO `students` VALUES (317, '牛杰', '18435131754', 'QNrJRdha2iLoahLa44HdXvLwFAzhH6Frm9', NULL, NULL, NULL, NULL, '2018-04-23 16:51:53', '2018-04-23 16:51:53');
INSERT INTO `students` VALUES (318, '张斌奇', '18710891257', 'QbaG4hj7BgLTyt9xWXscmEmgBczdeh5g68', NULL, NULL, NULL, NULL, '2018-04-23 16:51:53', '2018-04-23 16:51:53');
INSERT INTO `students` VALUES (319, '韩悦', '15529261282', 'QY6GpotPmvT2osuEdna1nTxUacFJtMRtQU', NULL, NULL, NULL, NULL, '2018-04-23 16:51:53', '2018-04-23 16:51:53');
INSERT INTO `students` VALUES (320, '张旭', '18220522533', 'QiVYN6bhFTdJYwtzbBmEsyrpUzcpZYRfLy', NULL, NULL, NULL, NULL, '2018-04-23 16:51:53', '2018-04-23 16:51:53');
INSERT INTO `students` VALUES (321, '苏华科', '18292684648', 'QjJ3UGAMgWdFaCUA9LYVNhFLjxj1oL1TLc', NULL, NULL, NULL, NULL, '2018-04-23 16:51:53', '2018-04-23 16:51:53');
INSERT INTO `students` VALUES (322, '刘云川', '15209293504', 'QX7irXe3WmYdoqsdeP775zy5nFWyWiJfog', NULL, NULL, NULL, NULL, '2018-04-23 16:51:53', '2018-04-23 16:51:53');
INSERT INTO `students` VALUES (323, '赵青青', '18710327428', 'QW5DPrwMaQBwFM76tZ4zELL6iYDRHQjKvs', NULL, NULL, NULL, NULL, '2018-04-23 16:51:53', '2018-04-23 16:51:53');
INSERT INTO `students` VALUES (324, '黄齐胜', '17862071328', 'QTdjDoRkLmHBfexcdg3q3uYbX6BZCPbksW', NULL, NULL, NULL, NULL, '2018-04-23 16:51:53', '2018-04-23 16:51:53');
INSERT INTO `students` VALUES (325, '牛亚萌', '18591750909', 'QPZ45iUwfXwCkURmX3fC98r9QxhE9UAS7a', NULL, NULL, NULL, NULL, '2018-04-11 02:05:53', '2018-04-11 02:05:53');
INSERT INTO `students` VALUES (326, '丁勃文', '13572452928', 'QQF7nTHf274jGvQ6ACmzPoasZoMfYPm9Wh', NULL, NULL, NULL, NULL, '2018-04-11 02:05:53', '2018-04-11 02:05:53');
INSERT INTO `students` VALUES (327, '夏威', '15129070096', 'QgbCAZ67BF9LtEPB6Su7Tep6N4TbWc9som', NULL, NULL, NULL, NULL, '2018-04-11 02:05:53', '2018-04-11 02:05:53');
INSERT INTO `students` VALUES (328, '刘阳', '17629236175', NULL, NULL, NULL, NULL, NULL, '2018-04-11 02:05:53', '2018-04-11 02:05:53');
INSERT INTO `students` VALUES (329, '谢远辉', '18829213797', 'QWudCxZSwgdbUmwMPR1rbUCGAAUdd9Q7vE', NULL, NULL, NULL, NULL, '2018-04-11 02:05:53', '2018-04-11 02:05:53');
INSERT INTO `students` VALUES (330, '张彤', '17795780537', 'QSpPwbyNmJhTDYX83TqXB3m2qtfChJFUAv', NULL, NULL, NULL, NULL, '2018-04-11 02:05:53', '2018-04-11 02:05:53');
INSERT INTO `students` VALUES (331, '惠元基', '15829910687', 'QRRVz6EbVp7Tx4V8PPPf6nW6BALZkMAbyN', NULL, NULL, NULL, NULL, '2018-04-11 02:05:53', '2018-04-11 02:05:53');
INSERT INTO `students` VALUES (332, '张博安', '18220901211', 'QfSyJLrzqpKdArwhX72xuGd3VB2pRG2GSR', NULL, NULL, NULL, NULL, '2018-04-11 02:05:53', '2018-04-11 02:05:53');
INSERT INTO `students` VALUES (333, '党枫', '18191947819', 'QM5jpfHxxDUbrHaqUQBDajfZrqNABDsX6D', NULL, NULL, NULL, NULL, '2018-04-11 02:05:53', '2018-04-11 02:05:53');
INSERT INTO `students` VALUES (334, '郭晓睿', '18292804528', 'QVMycSY9vsWhgEEDgAA5yCtfk4biZkTfGM', NULL, NULL, NULL, NULL, '2018-04-11 02:05:53', '2018-04-11 02:05:53');
INSERT INTO `students` VALUES (335, '陈伟', '17392239517', 'QjXnx3xsf93STZAMNNFJrzqst1Y2F7MHC6', NULL, NULL, NULL, NULL, '2018-04-11 02:05:53', '2018-04-11 02:05:53');
INSERT INTO `students` VALUES (336, 'zhangsan', '18700183', '123a18sdaf8dg7s8g0fg8ag', '1234a', NULL, 'url', NULL, '2018-05-31 18:06:18', '2018-05-31 18:50:21');
INSERT INTO `students` VALUES (337, 'zhangsan', '18700183', NULL, NULL, NULL, NULL, NULL, '0000-00-00 00:00:00', '2018-05-31 18:21:42');
INSERT INTO `students` VALUES (338, NULL, NULL, NULL, '123a', NULL, 'url', NULL, '2018-05-31 18:37:05', '2018-05-31 18:37:05');
COMMIT;

SET FOREIGN_KEY_CHECKS = 1;
